# Host: localhost  (Version: 5.7.26)
# Date: 2022-02-07 22:18:42
# Generator: MySQL-Front 5.3  (Build 4.234)

/*!40101 SET NAMES utf8 */;

#
# Structure for table "auth_group"
#

DROP TABLE IF EXISTS `auth_group`;
CREATE TABLE `auth_group` (
  `id` int(11) NOT NULL AUTO_INCREMENT,
  `name` varchar(150) NOT NULL,
  PRIMARY KEY (`id`),
  UNIQUE KEY `name` (`name`)
) ENGINE=InnoDB DEFAULT CHARSET=utf8mb4 COMMENT='group';

#
# Data for table "auth_group"
#


#
# Structure for table "captcha_captchastore"
#

DROP TABLE IF EXISTS `captcha_captchastore`;
CREATE TABLE `captcha_captchastore` (
  `id` bigint(20) NOT NULL AUTO_INCREMENT,
  `challenge` varchar(32) NOT NULL,
  `response` varchar(32) NOT NULL,
  `hashkey` varchar(40) NOT NULL,
  `expiration` datetime(6) NOT NULL,
  PRIMARY KEY (`id`),
  UNIQUE KEY `hashkey` (`hashkey`)
) ENGINE=InnoDB AUTO_INCREMENT=744 DEFAULT CHARSET=utf8mb4 COMMENT='captcha store';

#
# Data for table "captcha_captchastore"
#

INSERT INTO `captcha_captchastore` VALUES (1,'6*3=','18','81061c0213db622f761e0c596a8819c62d3a13d2','2022-01-27 19:46:31.471239'),(2,'2+5=','7','91240a98ec88456896f78fc8164a70a74212cf7e','2022-01-28 18:24:11.343013'),(9,'4*4=','16','380d9df229845e77ed27070382b885593bf4cd01','2022-01-28 21:36:23.667040'),(11,'9*6=','54','9a6321b84c49881ebd93b5a55d054f73cee843f0','2022-01-28 21:37:42.864155'),(12,'6+10=','16','d53cb068519b32e70f3df61af27510b11a8bb1e0','2022-01-28 21:42:15.644518'),(14,'5+7=','12','6b396c5b04afaae480bed01f25ab49c33657dd9a','2022-01-28 21:42:47.385637'),(15,'6-2=','4','f0e8059d037e3ea55442ff2d6ed2e8a6938113d5','2022-01-28 21:44:38.551949'),(16,'4*8=','32','c7333dc16bb133e6848014a6c50f9e7458634dc5','2022-01-28 21:44:46.796829'),(17,'10*6=','60','66acb78f3f7d48d425799cd78ff495f4bd9b955a','2022-01-28 21:44:49.496627'),(18,'10+8=','18','e3b784896a933dd2277519e561a23493d5aba8a0','2022-01-28 21:44:56.611589'),(19,'6-2=','4','5c5d18501a28c4545049770a457dfa48ad467ce6','2022-01-28 21:44:57.674414'),(20,'10+7=','17','862add48c08db6c6c10319745ca2742bc03b323b','2022-01-28 21:45:03.454300'),(21,'3+5=','8','a13cf642acaf92e18a383b4dd42b170bc9c25138','2022-01-28 21:45:04.432901'),(23,'5+1=','6','41717a9d4ae8ed7df1abe5c5961f2761115b57de','2022-01-28 21:45:20.544203'),(24,'8*9=','72','18e6cb2a9459670157b98ecf18eed21fc403377e','2022-01-28 21:52:37.388400'),(25,'5-3=','2','07514ed8073899dc21d633d6d81f560e3e01e5c8','2022-01-28 21:55:57.914271'),(26,'6-2=','4','52c5f266fecab7ed158afb44075dce1279c71efa','2022-01-28 21:55:58.002508'),(27,'8-3=','5','91796a655e72c1ebcde16dcf4b9be4d7d7ccd3fb','2022-01-28 21:55:58.051636'),(28,'4+10=','14','7b28f800006c4a83ffe298664bce4c44bbb0fced','2022-01-28 21:55:58.101771'),(29,'7-5=','2','b291e4d9a7286970f8ee8510b9bce9ff6b97fa3b','2022-01-28 21:55:58.169951'),(30,'1+2=','3','5ef84dfe7b4accb2dd438d2dd4b54efaa619da35','2022-01-28 21:55:58.218079'),(31,'9*3=','27','be31bebf81ecd37abef6095a823d8498b2152ee6','2022-01-28 21:55:58.260191'),(32,'10-5=','5','417c5fd80a5dc271fb0a5ed1f3d60c3d2d18e472','2022-01-28 21:55:58.310324'),(33,'7*5=','35','87af413af2acc56cc54b1fa8bfee7da25ba808d1','2022-01-28 21:55:58.370484'),(34,'7-2=','5','8c75efe5fce14722af531fc1146792e7c9ae4fab','2022-01-28 21:55:58.429642'),(35,'2-2=','0','6700b5c47bc187dec333fe8d28774321e8fd44f6','2022-01-28 21:55:58.470750'),(36,'7-5=','2','1f172b95c6d3eca83114511090cf216cab6084d2','2022-01-28 21:55:58.567007'),(37,'10+2=','12','2dd87483210e1df74c8b58ff4ceed03f4fb92bb3','2022-01-28 21:55:58.623156'),(38,'8-4=','4','01d584e87a35f63751becf692abfdca1e514cd97','2022-01-28 21:55:58.679305'),(39,'10-1=','9','806c7eb438767f73e752e989da4ec5347fc2fddb','2022-01-28 21:55:58.737460'),(40,'2*2=','4','05f4335f0055c3099fa1485ea89d9340b429a3c7','2022-01-28 21:55:58.805642'),(41,'5+1=','6','b1501fc5d138c4443686425292e428a52eaf86b9','2022-01-28 21:55:58.861791'),(42,'9+4=','13','ef929d99a3a5894cbfe50d6337cd7ca5dcf549ca','2022-01-28 21:55:58.911924'),(43,'3-1=','2','ebb10793bb200f59b3ced9882c0399b9c55f1303','2022-01-28 21:55:58.953033'),(44,'8*9=','72','8dee1931af7f1721d4f06918a53955a9f231606d','2022-01-28 21:55:59.019209'),(45,'2-1=','1','549476594da70ff78fc2a86124f7d294a96b5a21','2022-01-28 21:55:59.061320'),(46,'6+8=','14','901b6725cd8ba40d7a89131baeec07d6c68d7688','2022-01-28 21:55:59.103432'),(47,'7*4=','28','71e440b5c784ccdf7372ff6abcb7a552a8077d1f','2022-01-28 21:55:59.143539'),(48,'8-8=','0','1ff7479fdcc16fbc421925f3e6b7454769b861f4','2022-01-28 21:55:59.187656'),(49,'2*4=','8','ad5f6f168d3489478014e07541e65e1e59dbcfa3','2022-01-28 21:55:59.225758'),(50,'8+1=','9','ee06643d0eb1684e50184790fffc142c6f09c9cd','2022-01-28 21:55:59.285918'),(51,'5-1=','4','dd23dd9e783a071d83e4e6ec68916a1dbbc1773a','2022-01-28 21:55:59.337053'),(52,'10*8=','80','b8ce358fcfd8e6700ff28b9e86a9f3554fbda8be','2022-01-28 21:55:59.378163'),(53,'1+6=','7','0bf4b008eaa1965bf495b7149a53bb7ec54fc610','2022-01-28 21:55:59.420275'),(54,'3-3=','0','44c72dfc028694495e79823050a486b4de8ae7ab','2022-01-28 21:55:59.462387'),(55,'2+8=','10','251b7f9e6bff80d858ae154492f071c77a5e7718','2022-01-28 21:55:59.502494'),(56,'8+2=','10','5f33e6747a0c04a227cdac403355bcab38655aad','2022-01-28 21:55:59.557640'),(57,'8-5=','3','d90b859786212e2eab72a5d4053cd6750fb9b2ba','2022-01-28 21:55:59.609778'),(58,'7*9=','63','1f56d6d8de1d8d91437fcfa32cae0f425ff6aeee','2022-01-28 21:55:59.668935'),(59,'8-3=','5','6f16d7d0f305646a9d2bddb9114a1a5f4623d49c','2022-01-28 21:55:59.736114'),(60,'4*10=','40','44209f80c2fa6ef7c8caf024246c2ddfa8a58c6d','2022-01-28 21:55:59.790259'),(61,'5-5=','0','ff883fd2679a4823dd6f8316d1f9631a21ce8b94','2022-01-28 21:55:59.845406'),(62,'3*6=','18','302ed8061cc7d03fea57a332dd86ae1385d44cee','2022-01-28 21:55:59.904564'),(63,'7*10=','70','643b0d1c2b9dce321cf81e79fc020280bcc702da','2022-01-28 21:55:59.945671'),(64,'7+9=','16','294e8822d6ce46f976842f6189e1654eef3dc950','2022-01-28 21:55:59.986780'),(65,'8*7=','56','a8d6632dce996ee8f2fa62e6b15a5b765a76a85e','2022-01-28 21:56:00.028892'),(66,'4*1=','4','fd436f1f0487c8acd6cbe4e763bfcf2a21cc4e1b','2022-01-28 21:56:00.079026'),(67,'9-5=','4','0783e868b041773d654c3edd22352d9aa2c41c6d','2022-01-28 21:56:00.135175'),(68,'8-7=','1','c7c43ef22141dd017c88c2422f63497571e77c17','2022-01-28 21:56:00.200348'),(69,'7+2=','9','3a0213fa9e3fe2079b9a1d67d211ddfb33108dcf','2022-01-28 21:56:00.252486'),(70,'1+9=','10','66efea3a8281c8af49a089a7a9d105b134a3ecbd','2022-01-28 21:56:00.293596'),(71,'5+7=','12','cb895904637b69eea4344f049dd1d6c02a058017','2022-01-28 21:56:00.344733'),(72,'4+1=','5','812048df0e3a749fcb2cb3b786ca05fefd036913','2022-01-28 21:56:00.389852'),(73,'5-4=','1','4e0551cc9f5d1eac7409af097bcd830529658964','2022-01-28 21:56:00.453020'),(74,'7+2=','9','fee25751748078afcbb67f349be3d434df4a7355','2022-01-28 21:56:00.503153'),(75,'2+6=','8','6c0e678606b2f8e8aa75cb3909d8b4bad2de8746','2022-01-28 21:56:00.554288'),(76,'8-6=','2','c5d61fe0f78f9213083403584ceca70c11482b75','2022-01-28 21:56:00.611440'),(77,'10+8=','18','3bfbdc47b7844ffbd0da4200fdc2cd77706d098d','2022-01-28 21:56:00.669596'),(78,'8-3=','5','81d983c37d836304ddbadf39a9fc4b74290ed80f','2022-01-28 21:56:00.725743'),(79,'8+5=','13','c5ab7595eab002fb600ad9b4eec57e9c5c4afae6','2022-01-28 21:56:00.802950'),(80,'7-6=','1','bceea157731169de5e5d4ebf1ca923eacfb88137','2022-01-28 21:56:00.844059'),(81,'9+7=','16','58447b196b5345336203e8e54c91e476cf7c2abe','2022-01-28 21:56:00.885167'),(82,'7-7=','0','62ddb41e3713d5dd38c07198c047c843dc1bd70e','2022-01-28 21:56:00.927280'),(83,'9-7=','2','7bc2bed3330b0b03a6bff74565318911b2fe07eb','2022-01-28 21:56:00.976410'),(84,'5*7=','35','126386a00ba6d19328fa5dc21d273bf3392ec321','2022-01-28 21:56:01.017519'),(85,'6-1=','5','6dc534d0094017de8a1a6cec8768e3f37705a3e4','2022-01-28 21:56:01.060634'),(86,'5+7=','12','2d8c229c5f5ad5f92c54ceac593ec684a7d02444','2022-01-28 21:56:01.102747'),(87,'4*2=','8','b6f82854e5829579f04e6e210574c715f13e6056','2022-01-28 21:56:01.143856'),(88,'4*3=','12','2d18dc9bf3019489fe1feaf8b54972178ceeda1c','2022-01-28 21:56:01.185968'),(89,'9*7=','63','99deb2ac1f64aaf46d6578596707f128b14cec10','2022-01-28 21:56:01.229082'),(90,'5-4=','1','a30f363154449cf764cbaf7d45ad9e999f1146ff','2022-01-28 21:56:01.291248'),(91,'9-1=','8','dfda0403a176d30a88116999f88c1d9a2b6f8d03','2022-01-28 21:56:01.336370'),(92,'2*4=','8','307c497d50a7fcdb17aa5d4cdcb238eb4a601d3f','2022-01-28 21:56:01.385498'),(93,'1+3=','4','5f403f15475dc6fb125b532267e5d31f9ac5bddc','2022-01-28 21:56:01.428613'),(94,'9-1=','8','d9277aa5b81f470a3b0410934a364b0287ef1b14','2022-01-28 21:56:01.492785'),(95,'1+8=','9','63b33392813b477c6629ed20860bcb7d3bc4f37a','2022-01-28 21:56:01.544921'),(96,'2+5=','7','f2fbdb33da4aa2c58f3e12b4bc2c58e78a393ed4','2022-01-28 21:56:01.587034'),(97,'10-2=','8','f3beded0c9de798b058d7fb428268e763c62c074','2022-01-28 21:56:01.629146'),(98,'9-5=','4','e97728a3ef7bd6fc504d442711b4664c95947fcc','2022-01-28 21:56:01.696324'),(99,'9-5=','4','00b0527b29b68424b52e4a74ec4436d9db53ad51','2022-01-28 21:56:01.736430'),(100,'5+10=','15','d69514412c2c01c3a01b936b9ee2c7377a08b69a','2022-01-28 21:56:01.777540'),(101,'7+8=','15','8863c4cb25a33f6db1904d42b66c99dbada02722','2022-01-28 21:56:01.819652'),(102,'10+6=','16','0a37e555513fdf5de757cde2a97eec78397a35f5','2022-01-28 21:56:01.859757'),(103,'9+1=','10','022630cedb5efe2894f95897a5db387cde7fce3e','2022-01-28 21:56:01.904879'),(104,'5+8=','13','c0236a819b21a456773418e35868331c69086b2e','2022-01-28 21:56:01.945986'),(105,'3+3=','6','20b47f282568f7389a1ad13154922fcfc8750b11','2022-01-28 21:56:01.986094'),(106,'7+9=','16','e1b6530a043b8fac5324f4e70b56e9cd2af2932d','2022-01-28 21:56:02.028205'),(107,'10-7=','3','06fa463ef668ce6bc08f80c18fc97fb5cde9ed4c','2022-01-28 21:56:02.069316'),(108,'9+4=','13','476c9b84373bf74dd9aefac95daff22dadb636a4','2022-01-28 21:56:02.132484'),(109,'6+2=','8','28043be3cf2404a90ecbe23eebecddf676113823','2022-01-28 21:56:02.178607'),(110,'6-5=','1','380da66f2b639b7ffc70d7d2b8bbc37c6db47749','2022-01-28 21:56:02.219715'),(111,'5-3=','2','64e076896cc64a8648508535f952fb2bb8f427f1','2022-01-28 21:56:02.261827'),(112,'6-6=','0','089bee7489c07a8eac07907898d4918f8dd07d32','2022-01-28 21:56:02.301934'),(113,'4-1=','3','4b37dcfb2ba969c73f1c33d0178961a8a3a4cfdd','2022-01-28 21:56:02.345048'),(114,'3-3=','0','f03ff324a141406d61e0dd098fdf9ee6b92389d0','2022-01-28 21:56:02.385154'),(115,'7+7=','14','9f6309fe837c2d512f99a7da459d7698cba2514b','2022-01-28 21:56:02.494444'),(116,'5*4=','20','71002a3e2b04ad11306e1df3e3455bc9965b26ac','2022-01-28 21:56:02.536556'),(117,'1*7=','7','25eacc3af05a1037759769c4583282ef45a88daf','2022-01-28 21:56:02.578669'),(118,'10-1=','9','efa37f21c54cb37d0f77393a9046b29e44fdfff7','2022-01-28 21:56:02.619778'),(119,'6+5=','11','c9428143b764f7b0879550cb17194792ad5654fc','2022-01-28 21:56:02.661890'),(120,'2*8=','16','c920723fcd10810895616b2af1c73f8e62156ea8','2022-01-28 21:56:02.713025'),(121,'10-2=','8','6afdabaf063fb2529a99d0fed396be00a29fd08b','2022-01-28 21:56:02.755139'),(122,'9-7=','2','adbb891ddb2a7a31812b881989a1e5249220039c','2022-01-28 21:56:02.806273'),(123,'3+6=','9','d3e51dbb2fcbad4d25f34678e34ece91103d8b77','2022-01-28 21:56:02.846380'),(124,'1+8=','9','f6dde95197fdab047a993127f17484de85ec4b66','2022-01-28 21:56:02.935617'),(125,'2+8=','10','003e0bb129335465711ff2ae4453bced2bf0a6d7','2022-01-28 21:56:03.061953'),(126,'8+3=','11','ff829b81f1e4220e1fa2ac3fa317ae3dd75f16aa','2022-01-28 21:56:03.115094'),(127,'1*5=','5','fc22e406a8f96d75346dabf448ace75956902ac8','2022-01-28 21:56:03.161217'),(128,'8*5=','40','fa522f82a16b4efea4029dd269a4ecad68e183f9','2022-01-28 21:56:03.203330'),(129,'2+4=','6','401957ac57927b320f3d1324bed9b039c65a5949','2022-01-28 21:56:03.253463'),(130,'4+9=','13','08204a88af7e848573db6ec3ad7f3d8d1f69c468','2022-01-28 21:56:03.295576'),(131,'9+8=','17','35ef917ac552c3fb256d43a8be266d84d891f6ff','2022-01-28 21:56:03.344706'),(132,'5*8=','40','0ad0116dfecf19c98d5087f648a74a6244c49450','2022-01-28 21:56:03.387820'),(133,'2+4=','6','2e1347a7caf51be7f908660d05f9161cd8b4f8be','2022-01-28 21:56:03.452991'),(134,'9+6=','15','63d6291ae316ae6de18c8cfb37a3e15981ba79f1','2022-01-28 21:56:03.529198'),(135,'8*9=','72','bf8e7525f5d334bdeda3a7466f70ce91d32fe15b','2022-01-28 21:56:03.633474'),(136,'3*5=','15','3a83bb4e8bf7ff1a1dc2ec0a3a9c4648f94c321a','2022-01-28 21:56:03.686614'),(137,'4+8=','12','3d88d89e8024fde6c86073ccf63861e3d61c7c77','2022-01-28 21:56:03.752791'),(138,'4-3=','1','e2ce5dc8975fe5274f318eb67e07f88edd68de3c','2022-01-28 21:56:03.801920'),(139,'4*10=','40','d86cd9196bfd8889b705208331b72d35b6111042','2022-01-28 21:56:03.869098'),(140,'10*7=','70','bd90918035af7e2cd7e453a196402042a1c657b3','2022-01-28 21:56:03.918230'),(141,'8-5=','3','8ff9767d66d3790359baadc3c66e61b9aafbe372','2022-01-28 21:56:03.978390'),(142,'10*2=','20','f125e9abc20710679285e4e6ceead21482d05923','2022-01-28 21:56:04.036543'),(143,'9*8=','72','fb22849592e42e46e7a38c3d3066e6f11f65670a','2022-01-28 21:56:04.085674'),(144,'9-5=','4','c3165fdc2e16daa1d5d35b546e1b8770e300e252','2022-01-28 21:56:04.130793'),(145,'7-2=','5','8a2a4c4c21c46fcde1a606720ff5cae8feb6572b','2022-01-28 21:56:04.179924'),(146,'4+8=','12','0fa97e758d0f0350fd412fbc9656f91340d22c35','2022-01-28 21:56:04.221033'),(147,'5-3=','2','3b8d8e90811d57a650326fb5b6a3e4459dd5eb01','2022-01-28 21:56:04.269162'),(148,'10-9=','1','e752fc690f9ef1b3d99bc7cdffa455213210f40f','2022-01-28 21:56:04.394494'),(149,'8+6=','14','086419bd01b98c8da2818311ec81acd94b67605e','2022-01-28 21:56:04.451647'),(150,'5*10=','50','918500f57d0d7fbd52530d6e107d72083bd48545','2022-01-28 21:56:04.501779'),(151,'9*6=','54','94d788afd4558cb6722cd911d53a69d004930c7c','2022-01-28 21:56:04.559934'),(152,'6+2=','8','088c1d99e3dd44b68432900cbfa5bc665f870657','2022-01-28 21:56:04.602046'),(153,'4-2=','2','7b8a3483dd18452893a38ab1c33e1f307ccd5dcb','2022-01-28 21:56:04.662207'),(154,'9-8=','1','2583cc53444e66a812bc819a2d5d84fcaf6a72f1','2022-01-28 21:56:04.701311'),(155,'9+7=','16','e8bc489ba60553592332f53985bcbfd45c8c90f9','2022-01-28 21:56:04.793556'),(156,'10-6=','4','04cfbc474826526eac50c2044021dc163ac93321','2022-01-28 21:56:04.874771'),(157,'8*9=','72','44c4a5a07d4800b44b15d49acc41ad5df3f7c9b3','2022-01-28 21:56:04.930920'),(158,'2*3=','6','74c7a5f496dc468ecb4ab45b0e04a1ed698db7fd','2022-01-28 21:56:04.972030'),(159,'10-8=','2','4629571b134c82eb141c2517c6c3e9e4b4f7c951','2022-01-28 21:56:05.021160'),(160,'8-4=','4','8fb147d4c8a4de5004eaa5843a90be7d1abd3d13','2022-01-28 21:56:05.071293'),(161,'7+2=','9','adc642ad9a2bb37a9d5639e4487bfc470b057fe5','2022-01-28 21:56:05.125438'),(162,'6+6=','12','ca0c11b77fc6a4af58792e53423163f8b3e7ed10','2022-01-28 21:56:05.130450'),(163,'7+1=','8','ffb35adaf9fbaf253534c2a7f9b447a9d187b5d6','2022-01-28 21:56:05.204648'),(164,'10-3=','7','4b62d4b23bd1ceb7c726fa713426149315c7e881','2022-01-28 21:56:05.244754'),(165,'9-2=','7','0fbc6800c4144d5a5fa7c20ac52c040e11fdefa8','2022-01-28 21:56:05.335997'),(166,'2+8=','10','5b4ef333856aa61c71b6381d696db2492437f4a4','2022-01-28 21:56:05.390141'),(167,'8-4=','4','7d1fabdff0aed42b756b9904e55d5115b30c06ec','2022-01-28 21:56:05.490409'),(168,'9+10=','19','5d55caeca67fdcc283980abf5422f4e6e10fbe1c','2022-01-28 21:56:05.609725'),(169,'7*5=','35','5a2d9e9a99ecf8a4626c737ffeb358e8ac4115eb','2022-01-28 21:56:05.688937'),(170,'10-6=','4','86ae100fbb85b49ce56401e79e4265b9af1623e3','2022-01-28 21:56:05.736061'),(171,'9-5=','4','9c48eb5306f109b6c4a9d512f0a2d38cc1df9d3c','2022-01-28 21:56:05.790204'),(172,'5-2=','3','ed196422a79b45a80e9cc8a5ff1c48b8ccc5d890','2022-01-28 21:56:05.838332'),(173,'3-2=','1','a032ec5ef6a5aa2af608862813292e9ef6c05da0','2022-01-28 21:56:05.888468'),(174,'9+3=','12','81ab941c44332150e57eefe49e8cc453518b57d1','2022-01-28 21:56:05.932583'),(175,'6-3=','3','6af5e209a0b429115ba8700e15383e72d111ae23','2022-01-28 21:56:05.978705'),(176,'7*1=','7','40b98c205984540e3e855448cf2b6090956b94d6','2022-01-28 21:56:06.043878'),(177,'1+2=','3','7b1ac9c30e9eb78e44f7e6e4faed3a97afa59bb7','2022-01-28 21:56:06.131110'),(178,'4+5=','9','f42c3d8c5f619e44b488ed447b9a553fa76e19bd','2022-01-28 21:56:06.179240'),(179,'10-9=','1','45a22fe87732fb7e9941cc766db9599dc6fc3cda','2022-01-28 21:56:06.227366'),(180,'8-4=','4','188e0ac891a123076165595c751a04c544ee371f','2022-01-28 21:56:06.271483'),(181,'2-1=','1','3fa231df6f63f1b82f75872812a20cb081ae4e35','2022-01-28 21:56:06.320614'),(182,'6*6=','36','061eae4ae11c68a2773417fc4db6700e29e641da','2022-01-28 21:56:06.360720'),(183,'4*8=','32','14f399a72072b32367fd2345ff9df68b1c18a00e','2022-01-28 21:56:06.421882'),(184,'2*9=','18','562453ea6cdd5e445173454e25b21693b6efe3b9','2022-01-28 21:56:06.463995'),(185,'4+4=','8','83a1611debd7215dfb8814c8b4642ddf924172eb','2022-01-28 21:56:06.505104'),(186,'9*7=','63','1a8e5c8ddb509da5e4c7ea746e5f64096197f873','2022-01-28 21:56:06.546213'),(187,'5*2=','10','403b23dbf8f82dab5f7a03c0321c80c1e355db1a','2022-01-28 21:56:06.624422'),(188,'7+2=','9','7777d1cf2db323b48b21e4d41521de62b4b36bc3','2022-01-28 21:56:06.702629'),(189,'1*1=','1','0b70b7f56c605aaa3ed1337f1002bc4ab8143d07','2022-01-28 21:56:06.814927'),(190,'8*6=','48','9513c1c023f160a546706da0b85895191ddbbee9','2022-01-28 21:56:06.855035'),(191,'8*7=','56','2c4b65c7172dc52a32f0315b8c8c967aab704804','2022-01-28 21:56:06.898150'),(192,'8-2=','6','902ff585cc6671e35cc2305e9d28365f2abc2721','2022-01-28 21:56:06.937255'),(193,'10*3=','30','bb12ee5ec25760a47b4fe1ebc7b27bc68da56555','2022-01-28 21:56:06.978362'),(194,'7-3=','4','80bd22356f3477bb6fcd34d450010a5636cb2d5b','2022-01-28 21:56:07.062586'),(195,'10-6=','4','7c68941b54b9de0cf7fd2e2927228a8344a145c1','2022-01-28 21:56:07.103695'),(196,'8+10=','18','7c945ff804ccae115eb92209c96df5ba1323fe2e','2022-01-28 21:56:07.144805'),(197,'10*1=','10','446b03e78d9dac3a6ce2c72135fcf49fb99ba1c7','2022-01-28 21:56:07.185915'),(198,'9-5=','4','63893cd3c9e58966f0610c07122c4b9eeb0d0312','2022-01-28 21:56:07.228026'),(199,'6+2=','8','d192bb63204beb4daab13b6bf60ae0aa3f93e102','2022-01-28 21:56:07.269135'),(200,'9*1=','9','a6c6a374253e275e25ab527651b604ea20954fc0','2022-01-28 21:56:07.312250'),(201,'6-6=','0','5f1ef4e2eee76b3dd194605bf005e3bce6503fab','2022-01-28 21:56:07.353358'),(202,'2*3=','6','7b31c674ffcd6a95ad01a0705278947e00f95a4c','2022-01-28 21:56:07.394468'),(203,'10*3=','30','b120e8821db52630410f7a2c0fcb4880d3ada06d','2022-01-28 21:56:07.437582'),(204,'10-7=','3','b117796434e4c31c7e973f89f3c67b134b17007b','2022-01-28 21:56:07.485710'),(205,'9*1=','9','52fc0a6645f8bbb9a711d99e7ceee82c78a521c3','2022-01-28 21:56:07.540857'),(206,'8-2=','6','be03c382df06ff38ede132270b1c694bf4c2b1f2','2022-01-28 21:56:07.589988'),(207,'10-7=','3','3e4b30cd9af90e385e7f7cf694434035da6aed4c','2022-01-28 21:56:07.646137'),(208,'8-4=','4','db1bf9e791f224a5de71e721e66ff1592f869fb5','2022-01-28 21:56:07.687246'),(209,'9*5=','45','c6e6febd36145d85315907e8ce6cf478d8bc6ccd','2022-01-28 21:56:07.745401'),(210,'9*6=','54','e40325c60c7bdb90bb3532014c05dc4a7c169fd4','2022-01-28 21:56:07.786511'),(211,'4+7=','11','26b9b6525064011cee997ab9aecc534e6fd407b0','2022-01-28 21:56:07.836643'),(212,'8*4=','32','84e0beaa3732aa8502187a33a4b4a86a49ad76ee','2022-01-28 21:56:07.879757'),(213,'4-1=','3','9499d80b1f13349a3c94058c77db2ab25efd94f5','2022-01-28 21:56:08.204622'),(214,'3*1=','3','cfdd1a755490c3360fe8b18229a02453c6131133','2022-01-28 21:56:08.419191'),(215,'2+7=','9','822f2c7dc9b0d18f9c76cb56acab2c21512f43c5','2022-01-28 21:56:08.530488'),(216,'5*7=','35','c0ebd747a2c922899832a2a8b9d1645d53944996','2022-01-28 21:56:08.711971'),(217,'4*4=','16','495de45cddd1f03072c29fbc1465edfa70e4793f','2022-01-28 21:56:08.775138'),(218,'6-2=','4','673739154f3bfac64bfee1b5b82fba7209070344','2022-01-28 21:56:08.821261'),(219,'7-2=','5','2ecf5d7b336ae1ce853ecb48882ecaca6f7edcbd','2022-01-28 21:56:08.871394'),(220,'6+9=','15','51ca912910e2d2560640bb74935e65aba9e20fdd','2022-01-28 21:56:08.912504'),(221,'8-4=','4','bbdd5413b3c5d7762468cd411c9d64a02f313c39','2022-01-28 21:56:08.961633'),(222,'5+3=','8','42b82d71ab708304cc19e53734bfa5bf0a112105','2022-01-28 21:56:09.003747'),(223,'10-2=','8','d60492c65ecdf72a6772ebc474a7b1852153700b','2022-01-28 21:56:09.052878'),(224,'6-1=','5','a94bc212596755547eba71630e54cea02143a51c','2022-01-28 21:56:09.094987'),(225,'9-4=','5','704cb928f7aa759b6b30e678d5498debea844863','2022-01-28 21:56:09.143115'),(226,'2-2=','0','837f580d90907555d8374173cd162e8d9e5c8a69','2022-01-28 21:56:09.185228'),(227,'6-4=','2','ef4424cfece18199d88d8e8c035b4e58ee91b2cf','2022-01-28 21:56:09.235361'),(228,'6-3=','3','d7f21aba64b5d890a648f26f8401325c4b7b0712','2022-01-28 21:56:09.277473'),(229,'10*7=','70','1a26f316a3c8e14e12288336b1353f616403a250','2022-01-28 21:56:09.326603'),(230,'8*8=','64','b64ece5f279ed4022d42497157b7d7ef80b87bcc','2022-01-28 21:56:09.368715'),(231,'2+2=','4','efb10ef1e96167122b308b196600618ae341c057','2022-01-28 21:56:09.418848'),(232,'4-3=','1','ed182d4fd2054360abed33bb392a74770c080509','2022-01-28 21:56:09.460960'),(233,'9+10=','19','2de8b062ceca3122ace2d37071079d4a07b47593','2022-01-28 21:56:09.510091'),(234,'3*7=','21','bdd621376247caa8c2854177d36c3b12cb638ff6','2022-01-28 21:56:09.553206'),(235,'9-3=','6','7c2f4254ae5f95a614cbfea4f04ee93e37fc84b1','2022-01-28 21:56:09.602336'),(236,'9*7=','63','677f17d5c0e887591811ad621f08ac67fefa5804','2022-01-28 21:56:09.644449'),(237,'10+1=','11','45fdebe13c6e922fa811a227811818101361b4be','2022-01-28 21:56:09.694581'),(238,'1*8=','8','3bfb278e33cccd23e2a1ebc115b4ce8c46b489fc','2022-01-28 21:56:09.735692'),(239,'10-6=','4','895b8928b571e72e2dd64be0e4a806bb2c983ebb','2022-01-28 21:56:09.784821'),(240,'8+4=','12','c3375e6c5e50d9018229e135f7f0c4e384a61891','2022-01-28 21:56:09.826933'),(241,'7*2=','14','d402b37ec3b217cb22b2e37f39727718884e6b4e','2022-01-28 21:56:09.877066'),(242,'7-5=','2','fc34df1bbe43e676d9806a30bb2cb9a9265e6782','2022-01-28 21:56:09.918176'),(243,'6+3=','9','955a89d9f72eb48a92230f7fa81b63912fcd1414','2022-01-28 21:56:09.968309'),(244,'9-1=','8','6ad04d732722a1faf78f18cb3c02b101f881294d','2022-01-28 21:56:10.010424'),(245,'7+6=','13','e6161671820ef57b85e3c434dcc80701806a8834','2022-01-28 21:56:10.059551'),(246,'3+4=','7','9439a7220ca6ee672715a4959090b9ab1409b535','2022-01-28 21:56:10.101663'),(247,'9-5=','4','73236930e17af5ba21172acfa77e9f0dd79a70d1','2022-01-28 21:56:10.142772'),(248,'9*8=','72','a5af395976933a765232526ab7ebe6a142d483b5','2022-01-28 21:56:10.184885'),(249,'7+8=','15','0db9cd18794d3be870e84f15d2438b5ab9727ee5','2022-01-28 21:56:10.235017'),(250,'1*8=','8','86e2238639e68269403f203ea59b10584615b440','2022-01-28 21:56:10.277129'),(251,'10-3=','7','69a9ccaab730dce65347a8f2579a791890403737','2022-01-28 21:56:10.326260'),(252,'5*6=','30','f23d2ca5994fc381d580683d749374477cb5cf9e','2022-01-28 21:56:10.369375'),(253,'1-1=','0','b5a6f12890499d82d05cc03932b676b11c5b8ff7','2022-01-28 21:56:10.418505'),(254,'9-3=','6','63b1b5a9d8dbd5f77c872fbc6717889b87afbcf6','2022-01-28 21:56:10.459615'),(255,'3-1=','2','966917392e00278d6663b9f9299925c3730fd2aa','2022-01-28 21:56:10.508746'),(256,'10+4=','14','9693ae55d279a437eb98cad0a603ada526738cb3','2022-01-28 21:56:10.551860'),(257,'8+1=','9','9db01dd28c862cfe3d306fc66c693d150f07ddca','2022-01-28 21:56:10.610014'),(258,'6-1=','5','d388f26dd41316f5714675216bdb7372e40532d9','2022-01-28 21:56:10.685214'),(259,'3+5=','8','bb8d2cf912a50eaaa9ffc48c8b7fcd188b251dce','2022-01-28 21:56:10.735350'),(260,'1+7=','8','039fe3675d40c524ca90505693fbcb6bceeffc02','2022-01-28 21:56:10.778462'),(261,'3*2=','6','a09e74457eff8cd3f47465b962a69dfc1df6cfd1','2022-01-28 21:56:10.825587'),(262,'5+2=','7','16df2b3ada82d4c67c9106153b4125b2b1675df9','2022-01-28 21:56:10.867700'),(263,'8-2=','6','d829b6984687d08bc72762a09fc5744bd8cdd0ed','2022-01-28 21:56:10.909811'),(264,'9*3=','27','22fba081ae8f15c60807e3e0c3309eeeca50e58b','2022-01-28 21:56:10.951923'),(265,'5+1=','6','44bf91019c7f70550e1fc3863ccf7eda09c4a636','2022-01-28 21:56:11.001053'),(266,'7*9=','63','83d5fdd6838199c13a18f521226ac9ea77ea7505','2022-01-28 21:56:11.043165'),(267,'7*6=','42','8fd3607cd4d19f87074befa2027eb197d6bdfa2b','2022-01-28 21:56:11.095309'),(268,'7*2=','14','3ba7052082b1892837558e5f9efb6defe5591ea8','2022-01-28 21:56:11.134408'),(269,'8-4=','4','e95291a19eb80284386499a513dbbf3f84e014ba','2022-01-28 21:56:11.176519'),(270,'5+6=','11','844c4f7fb677b9cf371c26739feb9841a74b1221','2022-01-28 21:56:11.225651'),(271,'9-6=','3','9599c944b47ed85b439760d6d942cc824e8e6fb5','2022-01-28 21:56:11.268764'),(272,'9-8=','1','30ab0b35e1d49035900a97c59db51f241121da52','2022-01-28 21:56:11.316893'),(273,'10*9=','90','a70170e3ed8532e1ecb1ab1ca02b9965cf3ff3e7','2022-01-28 21:56:11.360008'),(274,'7*8=','56','4dade73f1b790a39af3ba0320d48333276c5bd70','2022-01-28 21:56:11.409138'),(275,'3-2=','1','bd6c7d3f3159f48efb3b4ac434cca8e2e335dc8f','2022-01-28 21:56:11.451250'),(276,'5*2=','10','e0139022abf71f797e0a216173429570ca84e818','2022-01-28 21:56:11.499378'),(277,'10+9=','19','86c28870353b4a4a24ac73b93e0fbb7d91500666','2022-01-28 21:56:11.543496'),(278,'4-2=','2','cd66713fe5dff50e420a290f7b8309ed7ce185fc','2022-01-28 21:56:11.591623'),(279,'8+10=','18','09be01194d78658c26341f7005c720e19f05d24e','2022-01-28 21:56:11.633735'),(280,'8-4=','4','ac23b766d6a521fcf99b773d7bf8b5ccc9f0e5a9','2022-01-28 21:56:11.691889'),(281,'1+1=','2','26419272c84b7ddc00d989161194e2a678db6534','2022-01-28 21:56:11.734001'),(282,'10-2=','8','18b8777ff2ca13aedb4ae143b2f5064979794660','2022-01-28 21:56:11.793187'),(283,'8-1=','7','673d3d9a7c89d1adb2a316143dc413f46d7b0587','2022-01-28 21:56:11.843302'),(284,'5*2=','10','8952dc5efbbf0365d14ced045b956a3bcb630b4b','2022-01-28 21:56:11.900448'),(285,'5+8=','13','1382ae75adbc6f6cad97234a63fa8faaec10052d','2022-01-28 21:56:12.001713'),(286,'5*5=','25','626fe5f0f4541b4e209f099e466e435074f90897','2022-01-28 21:56:12.054854'),(287,'9-6=','3','535061d3d627c2eb0b225ad911368b21958e5f25','2022-01-28 21:56:12.105000'),(288,'6-6=','0','669514980d043d2477c35e323d8d656723bf58c7','2022-01-28 21:56:12.152113'),(289,'7*8=','56','bc46f3fb25e04b4223a14ef8c26a5b4b63a524fd','2022-01-28 21:56:12.194225'),(290,'10*9=','90','b7e5bd26ab5e84f0492f8b8e06c3fb9c92d5b047','2022-01-28 21:56:12.244358'),(291,'7+3=','10','5f5febed741397d5f89964c945d0f0c376a921c1','2022-01-28 21:56:12.286470'),(292,'7*6=','42','bab9bd19334871162cecff3c4153787b7721c20a','2022-01-28 21:56:12.335601'),(293,'7-5=','2','163b96175abfd39120b2707077e02716c277fdc0','2022-01-28 21:56:12.377713'),(294,'7*4=','28','291aaa3afcc0e9736022c60d6863a11540033a31','2022-01-28 21:56:12.425841'),(295,'8-4=','4','2edf18684c2dae95659ad704e18882251161d81b','2022-01-28 21:56:12.468956'),(296,'6+5=','11','38545b1c6cfc6b5a7efa755d1900c3631a53c6a2','2022-01-28 21:56:12.518086'),(297,'8*10=','80','e40a5a4129d52a3aed9f2fa9dcae195d9a615cf6','2022-01-28 21:56:12.560197'),(298,'5*6=','30','a822eac22f811b6b65d25b4374481f0b52c581db','2022-01-28 21:56:12.610331'),(299,'1*8=','8','450dc5042dc7419883fa75daf47b1a360dfc353a','2022-01-28 21:56:12.652443'),(300,'4*2=','8','fb5875512ff0061692bbad586f8971cddfe42eaa','2022-01-28 21:56:12.701573'),(301,'4+7=','11','7a5e692c2309d58ff622532c18953a0b774c8237','2022-01-28 21:56:12.743685'),(302,'3*9=','27','e2501964fdc81fcf3f9433ca96de42b48b1a49b0','2022-01-28 21:56:12.792815'),(303,'3+7=','10','d904b7379f3cb904915f2ee09259a852908982cc','2022-01-28 21:56:12.834855'),(304,'2-2=','0','bf7a979024fd41c06502aaa8fd04cd19a8207f0a','2022-01-28 21:56:12.884085'),(305,'6-1=','5','0a9c9abece9084c68fc439df8feb713a6dbb0938','2022-01-28 21:56:12.926311'),(306,'8-2=','6','a07c5b6667dae0cf733145638373012832d53cef','2022-01-28 21:56:13.001681'),(307,'10-5=','5','5207346cb8b4c5ad100699b53b033f0e57ae221d','2022-01-28 21:56:13.043899'),(308,'7+6=','13','22e3067d6df933c85fc444a63f4d5b553d74b2b9','2022-01-28 21:56:13.093948'),(309,'2+4=','6','b42bbccf7b5c6a4d7ad10493d6bab24f792abbe8','2022-01-28 21:56:13.184998'),(310,'4-3=','1','ef32ee4c9dc594811799701c349baba6df21f7d9','2022-01-28 21:56:13.247615'),(311,'10*2=','20','5a1051a5c4b424d4ec82523a5fcf6aa40002fdcd','2022-01-28 21:56:13.319866'),(312,'3-2=','1','d556798d107cd497008e0fafc6be66fb1b71403e','2022-01-28 21:56:13.367994'),(313,'4+3=','7','39ad62a5bf0fd4fb0c9f587cff8204de94cdf63a','2022-01-28 21:56:13.411108'),(314,'3+2=','5','4889d52144f647523b57161d55d7611cd9cb2666','2022-01-28 21:56:13.460239'),(315,'6*2=','12','d0400498e27a08ef6856ed5e621f0fe906f34b2f','2022-01-28 21:56:13.501348'),(316,'3*4=','12','87d8c607ce7a017dd67a2e961afd61fc250a0587','2022-01-28 21:56:13.544463'),(317,'9*3=','27','b3d1fceccc4d8f39d09dd17bfa3cdbcfade85511','2022-01-28 21:56:13.585572'),(318,'8+8=','16','a0cac955634558fb29079633d538e7de1cb3571e','2022-01-28 21:56:13.634482'),(319,'1*5=','5','49d0133f11639e78ab2d5b1b342e3894bbb2d98c','2022-01-28 21:56:13.676023'),(320,'3+10=','13','6c2232a36d5b2a20f24758d20dedd29bd3e28008','2022-01-28 21:56:13.733529'),(321,'5-1=','4','92ddfc5361ce3562285a0f54747a826e1dede079','2022-01-28 21:56:13.777139'),(322,'10*10=','100','c6a628e854a2efb02e6a8ad89483e776694854de','2022-01-28 21:56:13.867774'),(323,'1*9=','9','9932794945b35c0e97734ba034e204796d1b83b3','2022-01-28 21:56:13.918055'),(324,'9-1=','8','3b6d53d5c04debafa6a7511323e198571ce45c38','2022-01-28 21:56:13.960255'),(325,'2*10=','20','88a19e3bd91e57408118db6e37b46041da7684a3','2022-01-28 21:56:14.017447'),(326,'7+2=','9','92555a6d4da2ba1aba8172527eb77c82f476e601','2022-01-28 21:56:14.069524'),(327,'10*3=','30','715ee9dfa687f2587f5353727522b6de467d6e13','2022-01-28 21:56:14.116753'),(328,'2*7=','14','a76ca02ca188764a66647bdc21a22747d65ab705','2022-01-28 21:56:14.168125'),(329,'10-8=','2','14d0fd3abd36836f939c9dea497bc0cd1d59a510','2022-01-28 21:56:14.226280'),(330,'2+10=','12','08fcd3e9cd48c37d4911412334aee07afeb6db47','2022-01-28 21:56:14.270398'),(331,'10-5=','5','0f91980fb848093f4558ac2458e7b8726746a89a','2022-01-28 21:56:14.339445'),(332,'6-2=','4','474c9c3bab47005d970185b5546dd28097c63739','2022-01-28 21:56:14.386572'),(333,'8-1=','7','2f3a94fcdc05cdf5ae70de76512be251814a633c','2022-01-28 21:56:14.431689'),(334,'4*9=','36','fe3fd21ac08b1f11c685fd740e204fc82983a00f','2022-01-28 21:56:14.478817'),(335,'6-2=','4','d1fc923be68425780b6d11d82c71d8091c49bebf','2022-01-28 21:56:14.522933'),(336,'1*3=','3','f11221cbdd6aa7abea231b9b90b3796fb8b9e084','2022-01-28 21:56:14.570827'),(337,'3*10=','30','2b5e5600ca860218b265988a32be5451df0a91ac','2022-01-28 21:56:14.619958'),(338,'10+1=','11','caf566efb4b9130a3eda66f40734245334a5e510','2022-01-28 21:56:14.660065'),(339,'8-4=','4','3e9eed69179ed66c77f99c727ca613dd3c581f5b','2022-01-28 21:56:14.709196'),(340,'8+1=','9','e5841ba02d6646b94b99b93b4cfe68b85285e41b','2022-01-28 21:56:14.751307'),(341,'10-2=','8','ae60f4b7f1bf95975180738a5b7eb93fd4887b17','2022-01-28 21:56:14.814513'),(342,'10+7=','17','8f8abcd2a654c2cf5ee43c3133d83c8532bdca15','2022-01-28 21:56:14.891719'),(343,'4*9=','36','b4ea36dab03b2c7cd0a98c3afc782031fc12dd42','2022-01-28 21:56:14.936839'),(344,'4-2=','2','df90ef390aa95579f8ed8b4224a297de9a19dc8b','2022-01-28 21:56:14.983872'),(345,'7+4=','11','fb4f2121df1aca3f04f07bb7e5a2b4afe0780544','2022-01-28 21:56:15.026011'),(346,'7*10=','70','4d6c0d230797cb57efd27fba55860260c201041b','2022-01-28 21:56:15.082867'),(347,'5*7=','35','76a9ae0f90314912352c803e3f15c71123b35e24','2022-01-28 21:56:15.133858'),(348,'2*7=','14','4c7e59c65b45e87423b29833d67091f3d38adec3','2022-01-28 21:56:15.183056'),(349,'10*3=','30','b1dfad3f73c9a6326f55fbb28531083aa8f6f5a7','2022-01-28 21:56:15.225908'),(350,'9-6=','3','90daa50c55690a0c65e67b91ec57da0f73713c44','2022-01-28 21:56:15.275768'),(351,'2*2=','4','7ee72a613ad09be43addd72ffb4713afdbf49b98','2022-01-28 21:56:15.336043'),(352,'8-3=','5','4a3ac2d26e759e0169685fd350f34a3353aa94e9','2022-01-28 21:56:15.425387'),(353,'4-2=','2','7d5841fe9f05f8d969b617733728b1e909f5e0c9','2022-01-28 21:56:15.487261'),(354,'6*2=','12','8f7d22edb97c690d53507902529bc2dbd607ced9','2022-01-28 21:56:15.553436'),(355,'9+7=','16','3b0c56e25d27bf005df23134ee7f2f8bf8a019a0','2022-01-28 21:56:15.594547'),(356,'6-2=','4','6c8ca44e76625ec064a8406396dfe847e9136944','2022-01-28 21:56:15.641672'),(357,'9+10=','19','bd7c6dea99d8debe99fe0b4c74c68f5d83a3147a','2022-01-28 21:56:15.684786'),(358,'2*2=','4','5b719ac3c821dd839ee707c3a44efe97ef02ebcc','2022-01-28 21:56:15.748957'),(359,'10+1=','11','c54e3b04ca5f392f19e426acec54908da4ade7b3','2022-01-28 21:56:15.793054'),(360,'1+3=','4','d2966392a9910d97e3289f250bb4ed81e03ee7c4','2022-01-28 21:56:15.842186'),(361,'9+7=','16','522bc0b9d968f6b14dde9756356b9b8722bd582e','2022-01-28 21:56:15.884352'),(362,'5-3=','2','2687fea37157ed4477bd4d251e0fb5c660fd9b7b','2022-01-28 21:56:15.934011'),(363,'5*6=','30','02b2d38e8db01c94bde4653b7e6761c6419adede','2022-01-28 21:56:15.984717'),(364,'8+7=','15','aed1e0b7453d9502e79c961eb976b0aa264e6c22','2022-01-28 21:56:16.033848'),(365,'10*5=','50','5b1236c496f5b7a4d6cc253dd8691e27e25cccc8','2022-01-28 21:56:16.076962'),(366,'6-5=','1','7b178ca609c37470aea64b462fca1ba38338351a','2022-01-28 21:56:16.126791'),(367,'5+9=','14','a959d17c5ae89aeda98f3866cdadf0dc1dce4ecf','2022-01-28 21:56:16.167878'),(368,'5-1=','4','7ce78c31cd0c91b32d315d00043c96b8decc0bf2','2022-01-28 21:56:16.218025'),(369,'10-4=','6','cb0ee5f15797ecdc0b27c5d05106519150eab7f5','2022-01-28 21:56:16.260124'),(370,'2+7=','9','0c0058af58b22988fdd23804b7da121cb5c17a4d','2022-01-28 21:56:16.324162'),(371,'7-4=','3','14cddeadb2040320d050f4f7afcba18ff47a8cf3','2022-01-28 21:56:16.384322'),(372,'10-10=','0','6c04f89d803bb0e82c1be2344fb68ed21237ece2','2022-01-28 21:56:16.433032'),(373,'8*7=','56','034658530e4eb84377cacc4c8c32b6b71919a824','2022-01-28 21:56:16.476165'),(374,'3+6=','9','1fcbd59957f0451c9ffcbdc6075797c3abd3b287','2022-01-28 21:56:16.534679'),(375,'6-4=','2','f02bb2ad02b2c8e94d9fe47f2f124a8a2bbbb64c','2022-01-28 21:56:16.576791'),(376,'9*10=','90','c3b5fd38bc128701896c78a0cd0a22227cabbf62','2022-01-28 21:56:16.625388'),(377,'5-5=','0','7259c0a9098e0f76c4b94193c6acd1ea6a2c2791','2022-01-28 21:56:16.667949'),(378,'4-1=','3','6f1b04c5c58d92437bbc81ef33dc7b13373686d2','2022-01-28 21:56:16.717300'),(379,'2*4=','8','4aefa931721abdd94e05b3a4775d3f6020c07879','2022-01-28 21:56:16.814480'),(380,'8+7=','15','fb919c68cafc8cd6eeda9e426da5ac5af435c3f1','2022-01-28 21:56:16.858766'),(381,'6-5=','1','d97df1e571bb83f333d4cdfa096ccb09f53c5c0d','2022-01-28 21:56:16.910472'),(382,'10-1=','9','8bccaee7b673e573dfef11120a77402594ba8425','2022-01-28 21:56:16.958955'),(383,'1*7=','7','8f5256d83f6dcbe1a8e6ad609a093f303c14ab54','2022-01-28 21:56:17.009323'),(384,'10-3=','7','ad9b2e5d1f0c5ba98ccdeb5d70d09c90aa681ff5','2022-01-28 21:56:17.058841'),(385,'8-1=','7','e4d9bc63facce907ccb0b698a92c2f74a0fdf44b','2022-01-28 21:56:17.111883'),(386,'4*2=','8','4ee062c5232ce770a5b2de90ca769002feb7bf3f','2022-01-28 21:56:17.162953'),(387,'3-2=','1','dbe9e2f12b1350b73af155869de816cef69c31ca','2022-01-28 21:56:17.201132'),(388,'8+8=','16','eb5ffc938c2074ef2e387639159abb85b8ea0d5d','2022-01-28 21:56:17.251554'),(389,'1*10=','10','28d2c22fbb1bffe0d1df61329da9b32d4e9c4095','2022-01-28 21:56:17.293665'),(390,'8+8=','16','45904c6f9c8eee8e705113d59b5ea785f955e80d','2022-01-28 21:56:17.342698'),(391,'1+3=','4','0c4a1d2f11ded0ae502c8e59f1917488eb124edd','2022-01-28 21:56:17.386817'),(392,'4+1=','5','705f7540d598bdd7ea178e3470457ac5a1a0f672','2022-01-28 21:56:17.434944'),(393,'10+6=','16','1944072ecda7a65c09e39fe11f2fb464ce6e001f','2022-01-28 21:56:17.478058'),(394,'5*7=','35','9d65ce6a9672f47b6f6e7d42bbd6d7d93c0a22d4','2022-01-28 21:56:17.527190'),(395,'10-1=','9','44158c593c1069ef9ee50c964114bd41979762ac','2022-01-28 21:56:17.584593'),(396,'5+4=','9','a06455320367d744df5cd2cd858b038d45a78338','2022-01-28 21:56:17.641473'),(397,'10-9=','1','645618f69b2068e356edb4abc935759e78fb5c89','2022-01-28 21:56:17.684225'),(398,'7+3=','10','2d575bb0370ad8c01e0af1f2d48b8efd16793e7a','2022-01-28 21:56:17.742455'),(399,'4-1=','3','911f440c10d3f6fa441647280b82a7dfe2408fb2','2022-01-28 21:56:17.816856'),(400,'8+5=','13','4c9e5f809b96b8801f3d269deaa9000701113276','2022-01-28 21:56:17.882408'),(401,'7-2=','5','b5b04b47b38696077eb198077294d019db1d8d45','2022-01-28 21:56:17.930480'),(402,'5-2=','3','b77d581cf35014b1cfac279dff1941ab82e3a6a3','2022-01-28 21:56:17.978811'),(403,'2*4=','8','ab82f58a35684eb7d1ca42d76dfb168e0ca6691e','2022-01-28 21:56:18.032943'),(404,'10*2=','20','9fa2aac5247d2528d84986a5dd136cdf4b117f54','2022-01-28 21:56:18.084824'),(405,'10-7=','3','58e40d1dbd607a8fe366581bf0354a18e7c52249','2022-01-28 21:56:18.168470'),(406,'3+4=','7','889031572d22b25548c32f5e4a53e6d86d129662','2022-01-28 21:56:18.226215'),(407,'6+6=','12','e45bff5e0e807d2126523a053397d3349a63482a','2022-01-28 21:56:18.288572'),(408,'9+3=','12','d48a01c3d91e844d63e873a3c09cdc951137be65','2022-01-28 21:56:18.327194'),(409,'8*2=','16','595b34501172196b1ae0439152cdc339736765e3','2022-01-28 21:56:18.383343'),(410,'10+8=','18','84f59383f6401f56f87e66b613f8dcb8013d628e','2022-01-28 21:56:18.426712'),(411,'10-4=','6','59c955413075390f2ccd1b3fa5a92fec44b67f10','2022-01-28 21:56:18.484182'),(412,'7+2=','9','f95036a111f12a47eec2d90fc8215448741f86ba','2022-01-28 21:56:18.531679'),(413,'8-3=','5','b37ecf96a5fdfd1247bf07a5283666d6db5918cb','2022-01-28 21:56:18.588830'),(414,'4-2=','2','ba1303794393c68e1a0ffd75023041de5c28694b','2022-01-28 21:56:18.626931'),(415,'2+6=','8','b5e5975391bddebcb3414fd66ffa0d8f476db9dc','2022-01-28 21:56:18.675058'),(416,'9-1=','8','6ff88bc2383658175ee5266b779f54e5bea8249b','2022-01-28 21:56:18.719177'),(417,'9-2=','7','c659707dd783c8500a53a1c5aa777bf87b164de4','2022-01-28 21:56:18.783254'),(418,'7-5=','2','46182cae65fa206b52ee300a96ec6b885490978a','2022-01-28 21:56:18.849884'),(419,'10-8=','2','60a0d512998b639e64e75106fdef48c17948da27','2022-01-28 21:56:18.907600'),(420,'1*3=','3','6638c67b4c14286aeb85fad4fdaec62155c2aed5','2022-01-28 21:56:18.959463'),(421,'9*6=','54','9a23b07bb7df28889934d4b88d5ca5c461947a79','2022-01-28 21:56:19.036690'),(422,'10-5=','5','74c270e43a21983fd9a6d3745111fa8dd86179a9','2022-01-28 21:56:19.081348'),(423,'8-3=','5','fb3a72349beec77b311ec8a4e97c869a39c13c59','2022-01-28 21:56:19.135238'),(424,'2-1=','1','fe0b5e78cc9a62ab53cacf23390931a13aa5e25d','2022-01-28 21:56:19.182734'),(425,'8*7=','56','fad64872b65af50c05db61c65a0609488dadb647','2022-01-28 21:56:19.240222'),(426,'10+2=','12','c3e7dfed414396bbce86189a46e28e0e5344bba0','2022-01-28 21:56:19.304379'),(427,'5*9=','45','2627ecbfe8daf2eaa50f5acd3d806727f4c0569a','2022-01-28 21:56:19.346557'),(428,'7-4=','3','2306629e9f804fa32ab5da1d68dd1b59edc090fb','2022-01-28 21:56:19.392372'),(429,'2+2=','4','7696ea694cb61f809d77aaa71238357c4544f379','2022-01-28 21:56:19.442631'),(430,'3+5=','8','fe6ddf7ffd7e8b03861e0effbfa276887447012d','2022-01-28 21:56:19.491027'),(431,'5+9=','14','e87609fc9aa161c1f0289d62eedb7663aa5a611a','2022-01-28 21:56:19.534007'),(432,'3+7=','10','65d4e70d432cf4df741e2f6523f0846840964cff','2022-01-28 21:56:19.591222'),(433,'6+10=','16','7935543ff41c44d7bc95f62872c79fc1d24d1551','2022-01-28 21:56:19.643686'),(434,'7-7=','0','77d810a802a72bd11173560b21fd604393f7459c','2022-01-28 21:56:19.809126'),(435,'9*2=','18','23fcb66a6c8d5d069384781feaa51a21cd87c997','2022-01-28 21:56:19.867336'),(436,'6*5=','30','4996e290f523befa23e1c9a79412bb367491460c','2022-01-28 21:56:19.927496'),(437,'8-3=','5','1051ae0c1fe48ab5fbb382603576cd18a9777016','2022-01-28 21:56:19.985650'),(438,'5+3=','8','788846b0a6a6f6209426dacdcf6488b554d8137d','2022-01-28 21:56:20.026759'),(439,'9-5=','4','3c30de4156f5b4b03d78c87100cbcbf1dd92b5eb','2022-01-28 21:56:20.077895'),(440,'9-1=','8','c654945da24c1539bf189ab084090f18f5782c24','2022-01-28 21:56:20.118002'),(441,'2+6=','8','80ba6fcf576e828e8c469c3035256184805e8813','2022-01-28 21:56:20.167094'),(442,'9-5=','4','599f79bd85174331ae600a6562afded7e0a608f7','2022-01-28 21:56:20.219723'),(443,'6+2=','8','6c1ec60439b3fc0a96a2447cf59039820bb9f89c','2022-01-28 21:56:20.266848'),(444,'2+7=','9','aed4aca1799a4c483efd9738628341aefb393545','2022-01-28 21:56:20.309963'),(445,'10*7=','70','2b9e2f4ef46eac061c364f334a9c80f593a39c97','2022-01-28 21:56:20.360096'),(446,'3+9=','12','ced776d9dc610d9ae9032628e1d3add0e456a35e','2022-01-28 21:56:20.402207'),(447,'5-1=','4','fe79d4f6279f71f34468936b1dd2caafcaa249b3','2022-01-28 21:56:20.450336'),(448,'8+1=','9','eb506f95d5f7cec1e4dc7d0dcef4fe71606ff3af','2022-01-28 21:56:20.492211'),(449,'7-1=','6','10d48d0dc41d7b70026fe8754460bf85354756d6','2022-01-28 21:56:20.550834'),(450,'8*5=','40','81b00098778f53055da6fb0d093034a48d03c4f0','2022-01-28 21:56:20.600577'),(451,'9+7=','16','fa79d6efb6b6a564915592810907f747202adf68','2022-01-28 21:56:20.649789'),(452,'5-2=','3','591ee8e26ddeea8982ed275a5083e69d467c9aff','2022-01-28 21:56:20.717006'),(453,'3*6=','18','d04672e049cf339d11646dc09e3942b7373ac375','2022-01-28 21:56:20.773185'),(454,'3*10=','30','e69d09f5002c7c0c3b0c58c576be6c311c10fb62','2022-01-28 21:56:20.817400'),(455,'3*10=','30','284cb39eccdcd780d24bbda1d9a551cc3aa0e755','2022-01-28 21:56:20.873709'),(456,'9+1=','10','eddc19ab735dd283042371b8a02a943c6e34b71d','2022-01-28 21:56:20.924851'),(458,'3*8=','24','5a051665c2f6b483873c802d6e7cd6c5904150ee','2022-01-28 21:56:21.067045'),(459,'1+7=','8','30c5a4357d2afdaac276d1067ef0fd9f0b8d95f8','2022-01-28 21:56:21.113168'),(460,'1+6=','7','db91814ade717008c9dde0dbbc414e8014bdefe0','2022-01-28 21:56:21.169317'),(461,'7*2=','14','e7aff8287324582850a128cd04bd52a39694871b','2022-01-28 21:56:21.213435'),(462,'4+5=','9','cb92cfe5755833a972f952aaa0d593593dcca466','2022-01-28 21:56:21.260560'),(463,'6-1=','5','457749afb65fef096e4af90a44ec40f7a7d9255e','2022-01-28 21:56:21.321722'),(464,'3+2=','5','dc4d8fc5f3d4e69571bf89165e1db7a0248c55ca','2022-01-28 21:56:21.360826'),(465,'1+7=','8','4250a87209f178aa27e821507b3ac2d1d91e7894','2022-01-28 21:56:21.408954'),(466,'9-2=','7','e1b7946da6570ecf293925164e3dc35ce28401c5','2022-01-28 21:56:21.472122'),(467,'6+3=','9','b954e661b0e46899348d4a8574316e544367d6da','2022-01-28 21:56:21.526399'),(468,'8*1=','8','16ae883f8e980abd56d108a49e519175efe8b480','2022-01-28 21:56:21.610038'),(469,'2*4=','8','478fc93f8abe543bc5a35f551816c09ce41f97a1','2022-01-28 21:56:21.652478'),(470,'2+5=','7','e27e9d9765da5ddc8203393129218f96df7ac368','2022-01-28 21:56:21.709593'),(471,'8-3=','5','c6426314018ee989f79c6d61871750f096b12cdc','2022-01-28 21:56:21.752058'),(472,'10*3=','30','59213b1af30ba1e305db37048cba3318054e8554','2022-01-28 21:56:21.801655'),(473,'10+5=','15','f2777cf9bc32810d2ab95e67cdc190b7b52d8677','2022-01-28 21:56:21.844545'),(474,'9*5=','45','8320ff50ed324dcbbc9686a4e42a404417e1749d','2022-01-28 21:56:21.893686'),(475,'9-3=','6','1eaa7fda42c0ac853cb42da6fc25b0e5ee1d8f03','2022-01-28 21:56:21.934811'),(476,'10+8=','18','7fba62faa8fc73421ca0fcd2d942783ebb94a96a','2022-01-28 21:56:21.992950'),(477,'5*1=','5','a9491d373766d8978841af783ffc7ff57f41d8e1','2022-01-28 21:56:22.035127'),(478,'9+4=','13','170da600cd7a883361c922d4543cf921e8ebf99d','2022-01-28 21:56:22.084688'),(479,'9*4=','36','23ea2d3ac604e62f06fb0fc254ee11b6f244c494','2022-01-28 21:56:22.134749'),(480,'3+3=','6','c7e34af366b83e7e1487b68a098a5ad4fa6a22ed','2022-01-28 21:56:22.184215'),(481,'10-4=','6','f07fcfcb36a2865aa07d5c6886f9a0a0f4c3bab6','2022-01-28 21:56:22.234608'),(482,'7-2=','5','738581ed780035a2ac53ae9738e64c670eb09e8d','2022-01-28 21:56:22.283994'),(483,'7-2=','5','078c8b515f38f0559b16fbd3ce472086967d2169','2022-01-28 21:56:22.335534'),(484,'4+9=','13','092bbde880be7df588de25f9b9aacb85951da02b','2022-01-28 21:56:22.385041'),(485,'7*4=','28','a60d75964cd1959beefc2315578178b781243524','2022-01-28 21:56:22.434937'),(486,'6*7=','42','b5c4933e59fac52e3f9cfe909494fd6fcb2c95d0','2022-01-28 21:56:22.494233'),(487,'6-3=','3','a2ba535295f172c3ef425649a3401e8bef4eec69','2022-01-28 21:56:22.536358'),(488,'5+6=','11','4464de5033225a35c4e42aaf5898b935a0ec2dfa','2022-01-28 21:56:22.583470'),(489,'7*5=','35','d8c0b970407fb83480a14e93097173b567d9dd1e','2022-01-28 21:56:22.627588'),(490,'7*10=','70','facf32e4a4c4593d90c1ca373294406e63d6f694','2022-01-28 21:56:22.678723'),(491,'7+3=','10','3c090c7aa9eca7cf35f2f96ab3405756ba1bd6be','2022-01-28 21:56:22.718830'),(492,'10-10=','0','cfd46b16d76c5a0252c1e7ee1691eed28921b0aa','2022-01-28 21:56:22.768964'),(493,'9*3=','27','86b5a955ca1285b4bed4e3d0d3ea030ee5ae6a35','2022-01-28 21:56:22.851713'),(494,'9-7=','2','4e3aaa4fa0ae343963cd1e7fb1221a345573f3ca','2022-01-28 21:56:22.905979'),(495,'6*3=','18','2961d2f8e0532cbb9b66141d586dd4ec7bc764f7','2022-01-28 21:56:22.958646'),(496,'9*1=','9','d85a398ce52b820d33e92bdbe72872ed552eb482','2022-01-28 21:56:23.001493'),(497,'9-5=','4','e5d43d1f381fbf4bfe59337208d174f588b4b8e8','2022-01-28 21:56:23.058419'),(498,'8+3=','11','f636194c21d40dab4ebd0905354e48d2340e2085','2022-01-28 21:56:23.101144'),(499,'6-5=','1','a65bb1e800192f3228a0f9433768270bf9f363a0','2022-01-28 21:56:23.166980'),(500,'4*10=','40','693c3e2bc3da049b5023aced4a9dfb407f19ab63','2022-01-28 21:56:23.232211'),(501,'10-9=','1','414e987f25d556d69c34aff0c7e18bd0c8e95e14','2022-01-28 21:56:23.290358'),(502,'5-2=','3','c76f075dab36aa1f247aa4896dd94b30049e287c','2022-01-28 21:56:23.351687'),(503,'4*6=','24','7f86d68728d6e42dd56913c0a219acbdfa3cd711','2022-01-28 21:56:23.401421'),(504,'10-4=','6','23f84fed3c4de5a7e3e9e417e3f10b58b173616b','2022-01-28 21:56:23.443532'),(505,'7+10=','17','d6cf4595ba5bdc293f2ac2f7fc67a584b573eea4','2022-01-28 21:56:23.509933'),(506,'10*6=','60','c79250fbe26b4872decf7ea066ff06978d4139fe','2022-01-28 21:56:23.559089'),(507,'1-1=','0','f905f1ca73ccfcfd9003ddc00e776d85726ab451','2022-01-28 21:56:23.626712'),(508,'4-2=','2','4f19699cf7ccf907b948f7ac32c01fb59a5d0a6d','2022-01-28 21:56:23.678037'),(509,'7+7=','14','8e979fd849a5f56026d9e001afccfe34bb59ae0a','2022-01-28 21:56:23.727059'),(510,'9*7=','63','a05b57c8079cdeb8af4f60c54c2dc69e8984f326','2022-01-28 21:56:23.786251'),(511,'5-4=','1','82b555fb604a38d79b04e0558c8a812634358658','2022-01-28 21:56:23.828363'),(512,'4+2=','6','24097e6f6924a693c81b1b2e105abbdd240db174','2022-01-28 21:56:23.876490'),(513,'4*7=','28','8fd3fcf465f7225913891f909795cf645bae4da8','2022-01-28 21:56:23.920812'),(514,'6-3=','3','ada8e4fb9fdd16d69ff40dbfddbeabc1c62bff56','2022-01-28 21:56:23.969953'),(515,'5*1=','5','c8e9af7a77ccbdde62c08e3ed5fdc1f893a17636','2022-01-28 21:56:24.029103'),(516,'10*2=','20','a8b5a151da2b88c6d31f5adff0689d6996e242ce','2022-01-28 21:56:24.071211'),(517,'5+8=','13','1e74e2c29307413fddb16cf4036f84e66b2bd29f','2022-01-28 21:56:24.119340'),(518,'8-6=','2','c78024a70d74132ea06e1ee00a819954041b4dba','2022-01-28 21:56:24.161498'),(519,'10-2=','8','776e493b6ba4a8c5eff6051e7efde49a4c793ef2','2022-01-28 21:56:24.233765'),(520,'1*8=','8','a5a7720a446b57389b47e66d542fc528f1b20530','2022-01-28 21:56:24.279015'),(521,'6+10=','16','f5d4d6e9ac55d581d20120768fbc96981b71cafe','2022-01-28 21:56:24.334162'),(522,'1+6=','7','6f093c3a775addc71ad4a95307de8b4b87d388cf','2022-01-28 21:56:24.385587'),(523,'2*8=','16','f15c38bf8cc777bf645b24524e2a9b20836e970c','2022-01-28 21:56:24.506360'),(524,'8-6=','2','a13322f2b9f77ac61d0669f6f87d737e7fd337a0','2022-01-28 21:56:24.555165'),(525,'10-2=','8','7ba36418cdec45724a43595a21a21a0b8ead76df','2022-01-28 21:56:24.610709'),(526,'9+10=','19','2798f6665430cd5622d3a7359b621b2783f4aeb2','2022-01-28 21:56:24.662719'),(527,'9-4=','5','cd619b5f5ec5274baa573939838be17e1747441d','2022-01-28 21:56:24.717151'),(528,'5-5=','0','791107cb018ba402501953d5bf55ab1698268742','2022-01-28 21:56:24.769909'),(529,'1+9=','10','a3247ec48468b8bc47a9c4e6194281634f113c6e','2022-01-28 21:56:24.815833'),(530,'4+10=','14','bac253d1be7c624d0f7d268616300a815c6a4dbe','2022-01-28 21:56:24.869372'),(531,'4+2=','6','4a2c91c0c84d88abda14da7d5c9def4f54bb642f','2022-01-28 21:56:24.916113'),(532,'8+7=','15','8bbe53553cebb25c11be9e08f297e3fb866bd1d0','2022-01-28 21:56:24.963356'),(533,'9-6=','3','5aa71f329aae1ebdd3776452fa720d5a9db43650','2022-01-28 21:56:25.008540'),(534,'2+2=','4','782eec49a8884bdfdf9597390b88caa6caddae5f','2022-01-28 21:56:25.052762'),(535,'8-2=','6','1065a31ba809f2192704a4c4e866038ab87ea29e','2022-01-28 21:56:25.124288'),(536,'4*1=','4','3838fa36962a5ea08468ab4b6a87336e97fda3e0','2022-01-28 21:56:25.171413'),(537,'10-1=','9','198bb0c1626ea11e25987116947a05a551e3d2b3','2022-01-28 21:56:25.218538'),(538,'10*3=','30','a04ab42a0d3a75205a6b1a617a8a3ce631dcc788','2022-01-28 21:56:25.262655'),(539,'1+8=','9','c8da7e2762c87fe6b5c2481a874e730dd5fefa49','2022-01-28 21:56:25.310787'),(540,'1*3=','3','312ab3abba6b77c9b3188072eaba87ce1a1f523c','2022-01-28 21:56:25.353898'),(541,'4+10=','14','13e15838b1ffae34d253320e458eaf3526bacb01','2022-01-28 21:56:25.401024'),(542,'3-1=','2','7259871814509d4881d89357ecf1de233136b942','2022-01-28 21:56:25.444138'),(543,'2-2=','0','ebeb57446347fdbc3135ad0be4ab37415dc7cf1d','2022-01-28 21:56:25.491984'),(544,'4*1=','4','f6909810ebad72d952ff302dc9f226eca1241cfd','2022-01-28 21:56:25.536332'),(545,'10-8=','2','eb5ec4fb1008bfd8c076689dc2a16d720ccf178a','2022-01-28 21:56:25.583064'),(546,'7-5=','2','e4994b40173482282d47819ba3a11deedabf3236','2022-01-28 21:56:25.628326'),(547,'9*7=','63','d0f49e350e0aad2c964876cd61740b83589bc82c','2022-01-28 21:56:25.683614'),(548,'4*5=','20','f2e0ca09ecf4eda9a3cbc76aa23ff0c900e788f1','2022-01-28 21:56:25.727756'),(549,'2-2=','0','421e73f8194a6420c8478ab4c1596be90db66123','2022-01-28 21:56:25.775015'),(550,'2*10=','20','6a4dc6688c70c7ae50af2d7188b4ecb4d13d9e89','2022-01-28 21:56:25.853758'),(551,'10-2=','8','d6433e31e3ca23cfcc784d9463724857cab56387','2022-01-28 21:56:25.921578'),(552,'6+4=','10','efd2989cdbea550dc1ac373fded0427667dc753f','2022-01-28 21:56:25.995174'),(553,'7-7=','0','36e0eefe3f58c1260e87176c9d009a949fa8b33c','2022-01-28 21:56:26.039521'),(554,'5-4=','1','eb511670baa2db0c4924c307b700c7e37238a8e6','2022-01-28 21:56:26.104260'),(555,'8-8=','0','58f3bac46f2cbc715689721cf15da149798e0165','2022-01-28 21:56:26.181265'),(556,'7*1=','7','d3f405b9202699341b097fd4a652f5ca465598d9','2022-01-28 21:56:26.263798'),(557,'7*2=','14','91d005f1d13d87dc1557e6a94bc617a6eca91d59','2022-01-28 21:56:26.320280'),(558,'9*2=','18','427a4dd0886c334f5d89f10f7531587e2906768c','2022-01-28 21:56:26.361390'),(559,'6-4=','2','69085bd8c849bd8752e25c56d697852079ce6f4b','2022-01-28 21:56:26.408955'),(560,'9-6=','3','e7efb2ca16e4f66d2fbf068e3ee842f0eab8008b','2022-01-28 21:56:26.455081'),(561,'5+10=','15','30f03711912306f9dffd501be5001580a320f70e','2022-01-28 21:56:26.502202'),(562,'6*1=','6','c1da66fe6c0b0618534d2652dfa8aa4288fc4b0a','2022-01-28 21:56:26.546320'),(563,'8+1=','9','97dd63626d430fc269dcb4355037ebc18de4deb9','2022-01-28 21:56:26.593445'),(564,'3-2=','1','a951d16dae5a1c5f44b068797c87bd71aafe683b','2022-01-28 21:56:26.637562'),(565,'7+7=','14','04ca47cbdb694ba3a4b709936473627473107e26','2022-01-28 21:56:26.684689'),(566,'2*9=','18','3eec1ea34507497aec9dcc827d022db31acd03b6','2022-01-28 21:56:26.728805'),(567,'9-8=','1','326ade41f5f9f21ee34a954862cf480b39e37af1','2022-01-28 21:56:26.776100'),(568,'6*8=','48','94b769c1d514123c74c66f5782d1fb7e43d8d2f5','2022-01-28 21:56:26.820217'),(569,'8-2=','6','078558f83ab646bd9d6a41cf9fccebc87c30a9d0','2022-01-28 21:56:26.866606'),(570,'1+1=','2','dbe9b1105e115b52b537b70dafb9043e7e3cf10b','2022-01-28 21:56:26.920657'),(571,'7-2=','5','a849b40985c406d1fb741b69e57bdb4c1628fafa','2022-01-28 21:56:26.966090'),(572,'9-4=','5','788621fcba15ec86ecb8275d2a2b02fb65e3c7c3','2022-01-28 21:56:27.019762'),(573,'2+10=','12','38ce7372d2c9f53c2364c0b374324cac5cb48b64','2022-01-28 21:56:27.074837'),(574,'8*5=','40','371a310053eccf0e8902ca6290babe80703adbab','2022-01-28 21:56:27.120514'),(575,'8-3=','5','f6a7bbd2138112f42443450854d9f71739693bc9','2022-01-28 21:56:27.166798'),(576,'9-4=','5','ae583da4a512bd6c001f9367485be9e8bac6ed6c','2022-01-28 21:56:27.211097'),(577,'2-1=','1','e454afde9b13d34db470291645cb45a8a5e2533c','2022-01-28 21:56:27.258368'),(578,'9+9=','18','63d84fdbc2f5d5fa092ea5cdd565e7c70af6045c','2022-01-28 21:56:27.305036'),(579,'7*3=','21','875ea859ed746e5c42856fe483884b2d11ca297d','2022-01-28 21:56:27.359520'),(580,'6-1=','5','8d6b1bd9ffbeac3c39873788d072c1a09d7444ba','2022-01-28 21:56:27.412627'),(581,'4*5=','20','30ecd379072e6cf3e8e2423e42648dcd27e066a5','2022-01-28 21:56:27.458750'),(582,'9+5=','14','0555210c86a21b0ed5e8b469610585aee804ab4a','2022-01-28 21:56:27.505874'),(583,'1+2=','3','b1fb922600e2d9b831725a99db917cd3786b1bb7','2022-01-28 21:56:27.553002'),(584,'3+3=','6','24737480429786fcbfb672bedcf50d955d3cd845','2022-01-28 21:56:27.604137'),(585,'8-4=','4','4b17af8145d52af3211774a53ef9892aeeab29c0','2022-01-28 21:56:27.651262'),(586,'4*10=','40','a8a9adfefcf1233a88b9802c359f8a233ec3ae94','2022-01-28 21:56:27.695379'),(587,'10-1=','9','0b93335347b2b08287a6045e9e0817479956dc21','2022-01-28 21:56:27.743506'),(588,'9+6=','15','7a0299cdcffb995a95a88ab3d153df6ba65dcf54','2022-01-28 21:56:27.787623'),(589,'2+6=','8','2ad9afcdd1bd080f2a5211922a890b288018e585','2022-01-28 21:56:27.834749'),(590,'5-4=','1','6813f5eacf4e23626d79c7fb47788e3f1d32ac00','2022-01-28 21:56:27.877863'),(591,'6*7=','42','785207c2e791879912b20e945d37c66edf75818b','2022-01-28 21:56:27.934012'),(592,'2*3=','6','a540b74f31d246fa780c1a2bf25786035c13490b','2022-01-28 21:56:27.999186'),(593,'9-9=','0','6381fbae3f448778427cee81a4e3abf79b118f79','2022-01-28 21:56:28.045309'),(594,'8-2=','6','abd615f1ab63ba03d641d8c723db99e84731996d','2022-01-28 21:56:28.092080'),(595,'6-3=','3','dd75465657da2d88db5004969383d56b40aee4c4','2022-01-28 21:56:28.138457'),(596,'5+10=','15','5a951b98b9c4a2f3c0eac11347c5c3c1ae213085','2022-01-28 21:56:28.184221'),(597,'3-3=','0','c66d68e05a7040acdb2b3faa7b3bee247c70daa0','2022-01-28 21:56:28.230213'),(598,'7-1=','6','0ba37ceb419bd3ae8aa6a52653e333618e4512e8','2022-01-28 21:56:28.304965'),(599,'3+9=','12','c89ddb1cb74d4c215f8efa87e46bd67352ff8095','2022-01-28 21:56:28.419445'),(600,'6+5=','11','6a813ea9b29bf981a82d9f855943ce0fffda63bd','2022-01-28 21:56:28.500661'),(601,'8+1=','9','1c039c513fc318ce6aafd4850b7548ca7ef79977','2022-01-28 21:56:28.579872'),(602,'10-6=','4','41c9297c0ca3f89e6722e9c67f12acb4ede4cf34','2022-01-28 21:56:28.630007'),(603,'4-2=','2','c5bc70954f53483745eeb723e664abee3242cd57','2022-01-28 21:56:28.673119'),(604,'4+5=','9','c4a6951bf11fa75db92a19620445a66ccee09a03','2022-01-28 21:56:28.719242'),(605,'3*6=','18','70e2bd9cfc630a788db6b6e7e28372906299f24f','2022-01-28 21:56:28.763358'),(606,'5-3=','2','67c8a38203907c87c86f4ea2d2d344c3f78a5c71','2022-01-28 21:56:28.811486'),(607,'5*10=','50','05901522c6ecc13b39a6d1e49b64333df03a4f94','2022-01-28 21:56:28.854602'),(608,'1*5=','5','a64cc703ac84b83e3fe149194af6dd0e00dc18d2','2022-01-28 21:56:28.902729'),(609,'9+1=','10','0b6baee9c55f97bfb8bb0eff8e19603d0e83c905','2022-01-28 21:56:28.944841'),(610,'10-3=','7','6d0551d4c55d1c1da7699793edf3d9b91ecea6fb','2022-01-28 21:56:29.015028'),(611,'2+2=','4','5b0172d44c8172002cc18173d9f5a6f2b2aef3ab','2022-01-28 21:56:29.093237'),(612,'5+1=','6','edb82105c73586bd1a2ed6142fb78bb6cad76552','2022-01-28 21:56:29.137353'),(613,'2*2=','4','6d7a17a20a83210b40bb3b654efed6d0450dd5f2','2022-01-28 21:56:29.187486'),(614,'7+2=','9','12d42b0a2cf4263589bd83233d2ffac7b7344948','2022-01-28 21:56:29.232607'),(615,'10+6=','16','293e630c4f95d5b9aedaa4d3ec6e555a2ecc2b0b','2022-01-28 21:56:29.281736'),(616,'7-3=','4','edbfe3fd90b1bc87ec75a6c43ebf0e945a8a5440','2022-01-28 21:56:29.329865'),(617,'5+7=','12','55dce28d064c46d6de53cc67e88d2952ecb579ef','2022-01-28 21:56:29.374984'),(618,'1+5=','6','e86578746de8743901a137af24258653df1d120f','2022-01-28 21:56:29.420105'),(619,'2+9=','11','f6e7b4067397ecdb967fde6dc25b3e91d005042f','2022-01-28 21:56:29.469236'),(620,'7+6=','13','77f6200fc663664c3c2c63f79296405eab4f0372','2022-01-28 21:56:29.512350'),(621,'4*5=','20','66a9e0fb8edac088541c189dcd5e48969b255b86','2022-01-28 21:56:29.560489'),(622,'10-5=','5','ced463797463321fbc86acb592b9fa3cdaf81460','2022-01-28 21:56:29.609608'),(623,'7+9=','16','070c0dada7e966c5d787e6c92448fbcd68de4109','2022-01-28 21:56:29.662749'),(624,'6*4=','24','e2775141b73e812bbcce6ae90301657d1e094b1c','2022-01-28 21:56:29.708872'),(625,'4+6=','10','b48d071557261509acec88c3551309befccec0ad','2022-01-28 21:56:29.749931'),(626,'9*10=','90','bf53410b77a0abcf1c2787faa4e169e71ddbdaec','2022-01-28 21:56:29.794979'),(627,'10-8=','2','fb4c9afb0c3a2ae65ddb2b98b31b64ecd989c420','2022-01-28 21:56:29.851248'),(628,'3-3=','0','8fa69ad288016a756d3e8b403b3e23527c49325e','2022-01-28 21:56:29.897515'),(629,'7*8=','56','5c780c01c2ede49fc0d594407b75f97ad08e6789','2022-01-28 21:56:29.942341'),(630,'9*3=','27','ac2530c040c09f2702ac85c05322f61d2df9e5e1','2022-01-28 21:56:30.057096'),(631,'8-1=','7','152dafd31577824d2058a2a4e5809f3f2cc78978','2022-01-28 21:56:30.132082'),(632,'5+10=','15','1d956756c396c21dca0d2da5eb257138a7d92791','2022-01-28 21:56:30.201265'),(633,'3*6=','18','8be1b2b7ef63d8aaf13a6c22165cec0cfbdd6995','2022-01-28 21:56:30.245860'),(634,'8+1=','9','bdf7b1a2db8dad680f34bf310215b30a6eb24ee7','2022-01-28 21:56:30.292053'),(635,'2+6=','8','3d0a18c4f971a75bf1204b21996950ef17eb0dcc','2022-01-28 21:56:30.345684'),(636,'8-4=','4','1a7ae1910443b5c705c67449a6d0362bae46bc42','2022-01-28 21:56:30.392811'),(637,'6-5=','1','f71c7ee77048e99b78cd063af7984d448988f68e','2022-01-28 21:56:30.401833'),(638,'10-3=','7','29d033e9bcf06ba1e0a4bc9a1895ceb0a7073afc','2022-01-28 21:56:30.434949'),(639,'7+3=','10','e4878a042d0c9ea7e043b4605a9bebc5acb8a8a7','2022-01-28 21:56:30.422905'),(640,'7-5=','2','6e408e46dd7c3d3532e48f0bc37102db4e04c777','2022-01-28 21:56:30.571294'),(641,'8+6=','14','500183af4bd15714c3dc542431b0af59b82c1167','2022-01-28 21:56:30.627447'),(642,'10+8=','18','63e229a73ca4066923a3add5ffc2d02df3f102ef','2022-01-28 21:56:30.683120'),(643,'7-7=','0','3cb12919f9c91935d55221791cbd003dfd7c2986','2022-01-28 21:56:30.744408'),(644,'5*2=','10','3fe24e2f7a9194a9fd64c99a049531e81d5c1ff4','2022-01-28 21:56:30.861714'),(645,'9*4=','36','964c0132d60f343daeae02d8b26997343d5d6353','2022-01-28 21:56:30.492074'),(646,'5-1=','4','d1c5c1237788ef4449b3dd409a6dd156c92d5162','2022-01-28 21:56:30.803116'),(647,'4-4=','0','aaf3046577341c8b71413008582a8369d55f13ae','2022-01-28 21:56:30.439935'),(648,'10-9=','1','e1f6e670e69d43c95aeabda4b9dbcd928f9fde8a','2022-01-28 21:56:30.449961'),(649,'3+10=','13','a4159f808009224daec199d67142b69eb911a460','2022-01-28 21:56:30.411893'),(650,'4-2=','2','6c7f78bff66f3ff951d4c832c486dc63858157f9','2022-01-28 21:56:30.926355'),(651,'1*3=','3','de5381cb5aeaf7495db81d583482843a8405406b','2022-01-28 21:56:31.033686'),(652,'6*6=','36','67a365ae396fa42f3d35b2f60a034496fa27aaba','2022-01-28 21:56:31.026666'),(653,'5+7=','12','bd43ac1e094626eeaba06e2c83cf72992c921f63','2022-01-28 21:56:31.034689'),(654,'1*3=','3','1332bb8a1641eaa819705e3a65f79da109fea62d','2022-01-28 21:56:31.029676'),(655,'4-3=','1','1a9b28d25d2603ed10f368121f8103bf2aeb5bcd','2022-01-28 21:56:31.025664'),(656,'8-5=','3','754ba78a7ec58f5c6ee1c2cca8120db59a365409','2022-01-28 21:56:31.079809'),(657,'7-1=','6','bbf88c6600911739d53991648bb493077be7818f','2022-01-28 21:56:31.155008'),(658,'3*3=','9','feffbf86ddde6422981809dbb27d1add00437f0d','2022-01-28 21:56:31.157015'),(659,'7-5=','2','e0d74e77331d5c707c9c5d75371beb6fb93c3466','2022-01-28 21:56:31.160022'),(660,'10*9=','90','5dcaab093af3e6444f200ffb891098dd99047dd6','2022-01-28 21:56:31.163029'),(661,'10-2=','8','109202579602a1ab058b0b7452adf45db7685b5f','2022-01-28 21:56:31.192107'),(662,'10-1=','9','e8e1edf4f493f56280a5f4508b7707a6d6e7ad80','2022-01-28 21:56:31.194111'),(663,'1*7=','7','45e1ff2b040faecc390de1069c0c85127bd539c5','2022-01-28 21:56:31.261290'),(664,'9-5=','4','8857ec2cc39de4ff5c80ce45b83f02e69d4a7fd8','2022-01-28 21:56:31.266303'),(665,'7*2=','14','96b16471af11405243ea21a8ed4248dcd10672c3','2022-01-28 21:56:31.264298'),(666,'1-1=','0','55e27ff69b77ec56947a8857a680f7ad1bd0453b','2022-01-28 21:56:31.294378'),(667,'3+5=','8','f36dcdffdd3a137887ffac840b4de147197b4220','2022-01-28 21:56:31.297386'),(668,'9-1=','8','6fe6034259009d5234cd4473a3885cbcc80fe0f7','2022-01-28 21:56:31.299392'),(669,'8*5=','40','46a0759924ebe1118d00f035ea3823c213cafd11','2022-01-28 21:56:31.321453'),(670,'5*10=','50','92871b17bc6c0660eb759a8864128447a4554cfc','2022-01-28 21:56:31.397653'),(671,'9-1=','8','c422fa61311d15b76c9b3c69897d939b9707d7e5','2022-01-28 21:56:31.396651'),(672,'7-3=','4','47a5fed1b0450b6ae50d8ec596d116244331c417','2022-01-28 21:56:31.401663'),(673,'10+9=','19','f1bd34102afefab1cad89f12194cbc6d6b3e0650','2022-01-28 21:56:31.399658'),(674,'4-2=','2','0243bdb6643aa206ad954638b58725caa6ac85b7','2022-01-28 21:56:31.413694'),(675,'5-3=','2','a810cdbb9ecfa250110f6e3274ce0a4d8d3457fd','2022-01-28 21:56:31.411691'),(676,'9-1=','8','7c29311a74ffce48d7976d47ae1f072fc5835fed','2022-01-28 21:56:31.446783'),(677,'10*1=','10','c375822b9d3b0345886a9b719e9c498a6e47d83e','2022-01-28 21:56:31.514174'),(679,'2+9=','11','7dbd391fe4c02c43436905c456ddb53c09a74763','2022-01-28 22:03:24.862323'),(680,'6-3=','3','c88c660bcbefde98d4496df3d1f9f8320185ae51','2022-01-28 22:09:11.355263'),(681,'3*3=','9','63fba7c483ad0fdc21a474bbafbe384337b3043b','2022-01-28 22:09:22.276307'),(682,'2+8=','10','d41c172f539109d60507f841542da40e4d7f79e2','2022-01-28 22:09:27.969383'),(683,'7*7=','49','904c6c57861a7efe72dd1a0710c698d8ad3137f2','2022-01-28 22:09:32.138463'),(684,'9-3=','6','b0387fd38008793783ff0107c6e9ba765a5295c6','2022-01-28 22:09:46.717240'),(685,'9*2=','18','171e6b75f331c4ad619d2a9b789334f74bb3bb03','2022-01-28 22:09:59.167753'),(686,'10-4=','6','c402f329595bf1a093f33a00f468c56a877de6d3','2022-01-28 22:10:07.026640'),(687,'3*2=','6','39ff0232f581b3d7cdfec028d7045e1c92b1ccda','2022-01-28 22:10:12.723781'),(688,'5-5=','0','6afe9b06c086945b2e42ae295ce57924bc078e79','2022-01-28 22:10:32.636460'),(689,'10-9=','1','a0ed446a630f96b1a99195abe426a1010c2f8b30','2022-01-28 22:10:49.869850'),(690,'7+2=','9','c2f8532d024dd849d70f913590f906e432c35db3','2022-01-28 22:11:07.191792'),(691,'3+4=','7','f5b8875765863ff19db73e018fe0e5fa7dc3a4a7','2022-01-28 22:11:20.891205'),(692,'9-8=','1','e611ddf03da3f4dfaeaf3dec923cd46ed874f9be','2022-01-28 22:11:31.041085'),(693,'3+9=','12','c1374f0b7f146735113cf86fba0bf91760478450','2022-01-28 22:11:59.520912'),(694,'5*4=','20','a8e3e2011dc134bf704de278b26e9361318faa1b','2022-01-28 22:12:06.741988'),(698,'8+7=','15','9a328ced95acda224ae939fb98c5a068aff8a443','2022-02-04 15:21:45.583572'),(699,'3-2=','1','deaf71e30c932f0379925e7e8e419a7f1a86e9e2','2022-02-04 15:21:55.545375'),(700,'8*9=','72','3fa6a9e79e75c5399fd6110e7fa14641a447032f','2022-02-04 15:22:09.329488'),(701,'6-1=','5','e9250becd10234da0e74806603cfbf0bcbbb8089','2022-02-04 15:22:11.555629'),(703,'9+8=','17','3be14c5bbe438196ad1204991602210e6cc12078','2022-02-04 15:23:39.062218'),(705,'8+10=','18','3fd8d4d43bb5a7219ab6f6d51f296d33e9e3c77b','2022-02-04 15:24:44.017094'),(708,'2+6=','8','db8ea8448552c9d35f602901f6fda2b4ace2571f','2022-02-04 16:06:45.709577'),(710,'9-2=','7','690ef347d4934c20cd359ecf25af1abcf6e3c2a4','2022-02-04 16:07:00.012799'),(711,'9-1=','8','1d4cd3570e3f571c547e79775e97fc5ab1e47288','2022-02-04 16:07:14.066473'),(713,'7*5=','35','838f66632fed4673e05a15466e1213054daf7bfa','2022-02-04 16:29:39.799869'),(715,'9+1=','10','3531d8b77a4db35ec8c2528b25279c08df702290','2022-02-04 16:29:51.561943'),(716,'7-2=','5','05f004d21da618fa854a383a60ddb5be18eaa1a3','2022-02-04 16:30:06.451198'),(717,'8-6=','2','b5d29b995ec3a330ec706341f73f00b4589bf928','2022-02-04 16:30:14.842840'),(719,'6+4=','10','22ccd7166baea6c8f8c373bc4b269f8adb25d720','2022-02-04 16:32:05.864419'),(722,'10*4=','40','b9e73f0bc4290330199ca91c9d1feef32fb528c9','2022-02-04 16:53:42.627624'),(728,'10-10=','0','847079a265cbf4c4f982fdfdeb47750370d96021','2022-02-04 17:43:47.172807'),(729,'5+7=','12','7b27f9999757d388d7608b47191fa4b993ceb269','2022-02-04 17:43:51.904231'),(730,'8-8=','0','19530e0d1e74f52a84b151990671579f1142b0a7','2022-02-04 17:45:57.920041'),(731,'7*2=','14','ec2bcea42bb7e83e7beb8ede7bfd81790c699efd','2022-02-04 17:46:08.591696'),(732,'9*7=','63','ad0a52afb9076aaa94c2f7c1648d12e6f85d1ea0','2022-02-04 17:46:44.259153'),(733,'3*8=','24','a57ff6dab042e2d60d4d23e6deb74fde9197b9bc','2022-02-04 17:51:19.847805'),(734,'5+1=','6','1cabe550a6013b56d5b71c769927661dc6345ad8','2022-02-04 17:53:02.139054'),(735,'5+1=','6','69354c373556f134085ad31e047b356d78e79979','2022-02-04 17:55:01.771136'),(736,'3-1=','2','fe97a463159bfe124570c09df4a8144d08f9b3dc','2022-02-04 17:56:49.898848'),(737,'8-4=','4','2073a4aeb58cbd7973cca8b697abedd57b6b5e99','2022-02-04 18:21:24.967118'),(738,'4*5=','20','299f0f10e2d5a860f4050f563b23c4502922835b','2022-02-04 19:09:53.115298'),(740,'10+2=','12','d921d1c80c35330433ef902e8868b4160078f6eb','2022-02-05 10:34:09.797696'),(741,'6-1=','5','fba6b8fbbe065c7bd169f845f15847589d80d101','2022-02-05 10:39:09.155574'),(742,'8-2=','6','aacaa0ef976ced67c9b3789de5ee69e568cd3890','2022-02-05 10:41:16.648847'),(743,'7*1=','7','9731d311997bd7bb9be0e5c8d52d055256fb6891','2022-02-05 11:01:52.709050');

#
# Structure for table "django_content_type"
#

DROP TABLE IF EXISTS `django_content_type`;
CREATE TABLE `django_content_type` (
  `id` int(11) NOT NULL AUTO_INCREMENT,
  `app_label` varchar(100) NOT NULL,
  `model` varchar(100) NOT NULL,
  PRIMARY KEY (`id`),
  UNIQUE KEY `django_content_type_app_label_model_76bd3d3b_uniq` (`app_label`,`model`)
) ENGINE=InnoDB AUTO_INCREMENT=25 DEFAULT CHARSET=utf8mb4 COMMENT='content type';

#
# Data for table "django_content_type"
#

INSERT INTO `django_content_type` VALUES (1,'admin','logentry'),(2,'auth','permission'),(3,'auth','group'),(4,'contenttypes','contenttype'),(5,'sessions','session'),(6,'captcha','captchastore'),(7,'mysystem','users'),(8,'mysystem','dept'),(9,'mysystem','dictionary'),(10,'mysystem','menu'),(11,'mysystem','menubutton'),(12,'mysystem','sysdictionarylist'),(13,'mysystem','role'),(14,'mysystem','post'),(15,'mysystem','operationlog'),(16,'mysystem','loginlog'),(17,'mysystem','button'),(18,'lymessages','mymessage'),(19,'lymessages','mymessagetemplate'),(20,'lymessages','mymessageuser'),(21,'address','area'),(22,'oauth','oauthwxuser'),(23,'platformsettings','othermanage'),(24,'platformsettings','lunbotumanage');

#
# Structure for table "auth_permission"
#

DROP TABLE IF EXISTS `auth_permission`;
CREATE TABLE `auth_permission` (
  `id` int(11) NOT NULL AUTO_INCREMENT,
  `name` varchar(255) NOT NULL,
  `content_type_id` int(11) NOT NULL,
  `codename` varchar(100) NOT NULL,
  PRIMARY KEY (`id`),
  UNIQUE KEY `auth_permission_content_type_id_codename_01ab375a_uniq` (`content_type_id`,`codename`),
  CONSTRAINT `auth_permission_content_type_id_2f476e4b_fk_django_co` FOREIGN KEY (`content_type_id`) REFERENCES `django_content_type` (`id`)
) ENGINE=InnoDB AUTO_INCREMENT=97 DEFAULT CHARSET=utf8mb4 COMMENT='permission';

#
# Data for table "auth_permission"
#

INSERT INTO `auth_permission` VALUES (1,'Can add log entry',1,'add_logentry'),(2,'Can change log entry',1,'change_logentry'),(3,'Can delete log entry',1,'delete_logentry'),(4,'Can view log entry',1,'view_logentry'),(5,'Can add permission',2,'add_permission'),(6,'Can change permission',2,'change_permission'),(7,'Can delete permission',2,'delete_permission'),(8,'Can view permission',2,'view_permission'),(9,'Can add group',3,'add_group'),(10,'Can change group',3,'change_group'),(11,'Can delete group',3,'delete_group'),(12,'Can view group',3,'view_group'),(13,'Can add content type',4,'add_contenttype'),(14,'Can change content type',4,'change_contenttype'),(15,'Can delete content type',4,'delete_contenttype'),(16,'Can view content type',4,'view_contenttype'),(17,'Can add session',5,'add_session'),(18,'Can change session',5,'change_session'),(19,'Can delete session',5,'delete_session'),(20,'Can view session',5,'view_session'),(21,'Can add captcha store',6,'add_captchastore'),(22,'Can change captcha store',6,'change_captchastore'),(23,'Can delete captcha store',6,'delete_captchastore'),(24,'Can view captcha store',6,'view_captchastore'),(25,'Can add 用户表',7,'add_users'),(26,'Can change 用户表',7,'change_users'),(27,'Can delete 用户表',7,'delete_users'),(28,'Can view 用户表',7,'view_users'),(29,'Can add 部门表',8,'add_dept'),(30,'Can change 部门表',8,'change_dept'),(31,'Can delete 部门表',8,'delete_dept'),(32,'Can view 部门表',8,'view_dept'),(33,'Can add 字典表',9,'add_dictionary'),(34,'Can change 字典表',9,'change_dictionary'),(35,'Can delete 字典表',9,'delete_dictionary'),(36,'Can view 字典表',9,'view_dictionary'),(37,'Can add 菜单表',10,'add_menu'),(38,'Can change 菜单表',10,'change_menu'),(39,'Can delete 菜单表',10,'delete_menu'),(40,'Can view 菜单表',10,'view_menu'),(41,'Can add 菜单权限表',11,'add_menubutton'),(42,'Can change 菜单权限表',11,'change_menubutton'),(43,'Can delete 菜单权限表',11,'delete_menubutton'),(44,'Can view 菜单权限表',11,'view_menubutton'),(45,'Can add 字典详细表',12,'add_sysdictionarylist'),(46,'Can change 字典详细表',12,'change_sysdictionarylist'),(47,'Can delete 字典详细表',12,'delete_sysdictionarylist'),(48,'Can view 字典详细表',12,'view_sysdictionarylist'),(49,'Can add 角色表',13,'add_role'),(50,'Can change 角色表',13,'change_role'),(51,'Can delete 角色表',13,'delete_role'),(52,'Can view 角色表',13,'view_role'),(53,'Can add 岗位表',14,'add_post'),(54,'Can change 岗位表',14,'change_post'),(55,'Can delete 岗位表',14,'delete_post'),(56,'Can view 岗位表',14,'view_post'),(57,'Can add 操作日志',15,'add_operationlog'),(58,'Can change 操作日志',15,'change_operationlog'),(59,'Can delete 操作日志',15,'delete_operationlog'),(60,'Can view 操作日志',15,'view_operationlog'),(61,'Can add 登录日志',16,'add_loginlog'),(62,'Can change 登录日志',16,'change_loginlog'),(63,'Can delete 登录日志',16,'delete_loginlog'),(64,'Can view 登录日志',16,'view_loginlog'),(65,'Can add 权限标识表',17,'add_button'),(66,'Can change 权限标识表',17,'change_button'),(67,'Can delete 权限标识表',17,'delete_button'),(68,'Can view 权限标识表',17,'view_button'),(69,'Can add 消息中心',18,'add_mymessage'),(70,'Can change 消息中心',18,'change_mymessage'),(71,'Can delete 消息中心',18,'delete_mymessage'),(72,'Can view 消息中心',18,'view_mymessage'),(73,'Can add 消息模板',19,'add_mymessagetemplate'),(74,'Can change 消息模板',19,'change_mymessagetemplate'),(75,'Can delete 消息模板',19,'delete_mymessagetemplate'),(76,'Can view 消息模板',19,'view_mymessagetemplate'),(77,'Can add 用户消息',20,'add_mymessageuser'),(78,'Can change 用户消息',20,'change_mymessageuser'),(79,'Can delete 用户消息',20,'delete_mymessageuser'),(80,'Can view 用户消息',20,'view_mymessageuser'),(81,'Can add 省市区',21,'add_area'),(82,'Can change 省市区',21,'change_area'),(83,'Can delete 省市区',21,'delete_area'),(84,'Can view 省市区',21,'view_area'),(85,'Can add 微信登录用户数据',22,'add_oauthwxuser'),(86,'Can change 微信登录用户数据',22,'change_oauthwxuser'),(87,'Can delete 微信登录用户数据',22,'delete_oauthwxuser'),(88,'Can view 微信登录用户数据',22,'view_oauthwxuser'),(89,'Can add 平台其他设置',23,'add_othermanage'),(90,'Can change 平台其他设置',23,'change_othermanage'),(91,'Can delete 平台其他设置',23,'delete_othermanage'),(92,'Can view 平台其他设置',23,'view_othermanage'),(93,'Can add 轮播图设置',24,'add_lunbotumanage'),(94,'Can change 轮播图设置',24,'change_lunbotumanage'),(95,'Can delete 轮播图设置',24,'delete_lunbotumanage'),(96,'Can view 轮播图设置',24,'view_lunbotumanage');

#
# Structure for table "auth_group_permissions"
#

DROP TABLE IF EXISTS `auth_group_permissions`;
CREATE TABLE `auth_group_permissions` (
  `id` bigint(20) NOT NULL AUTO_INCREMENT,
  `group_id` int(11) NOT NULL,
  `permission_id` int(11) NOT NULL,
  PRIMARY KEY (`id`),
  UNIQUE KEY `auth_group_permissions_group_id_permission_id_0cd325b0_uniq` (`group_id`,`permission_id`),
  KEY `auth_group_permissio_permission_id_84c5c92e_fk_auth_perm` (`permission_id`),
  CONSTRAINT `auth_group_permissio_permission_id_84c5c92e_fk_auth_perm` FOREIGN KEY (`permission_id`) REFERENCES `auth_permission` (`id`),
  CONSTRAINT `auth_group_permissions_group_id_b120cbf9_fk_auth_group_id` FOREIGN KEY (`group_id`) REFERENCES `auth_group` (`id`)
) ENGINE=InnoDB DEFAULT CHARSET=utf8mb4;

#
# Data for table "auth_group_permissions"
#


#
# Structure for table "django_migrations"
#

DROP TABLE IF EXISTS `django_migrations`;
CREATE TABLE `django_migrations` (
  `id` bigint(20) NOT NULL AUTO_INCREMENT,
  `app` varchar(255) NOT NULL,
  `name` varchar(255) NOT NULL,
  `applied` datetime(6) NOT NULL,
  PRIMARY KEY (`id`)
) ENGINE=InnoDB AUTO_INCREMENT=29 DEFAULT CHARSET=utf8mb4;

#
# Data for table "django_migrations"
#

INSERT INTO `django_migrations` VALUES (1,'address','0001_initial','2022-01-25 20:14:13.647891'),(2,'contenttypes','0001_initial','2022-01-25 20:14:14.150202'),(3,'contenttypes','0002_remove_content_type_name','2022-01-25 20:14:15.142629'),(4,'auth','0001_initial','2022-01-25 20:14:18.102769'),(5,'auth','0002_alter_permission_name_max_length','2022-01-25 20:14:18.635830'),(6,'auth','0003_alter_user_email_max_length','2022-01-25 20:14:18.661404'),(7,'auth','0004_alter_user_username_opts','2022-01-25 20:14:18.689764'),(8,'auth','0005_alter_user_last_login_null','2022-01-25 20:14:18.720794'),(9,'auth','0006_require_contenttypes_0002','2022-01-25 20:14:18.746880'),(10,'auth','0007_alter_validators_add_error_messages','2022-01-25 20:14:18.779827'),(11,'auth','0008_alter_user_username_max_length','2022-01-25 20:14:18.814184'),(12,'auth','0009_alter_user_last_name_max_length','2022-01-25 20:14:18.850970'),(13,'auth','0010_alter_group_name_max_length','2022-01-25 20:14:18.963717'),(14,'auth','0011_update_proxy_permissions','2022-01-25 20:14:19.012468'),(15,'auth','0012_alter_user_first_name_max_length','2022-01-25 20:14:19.043036'),(16,'mysystem','0001_initial','2022-01-25 20:14:32.428895'),(17,'admin','0001_initial','2022-01-25 20:14:33.849724'),(18,'admin','0002_logentry_remove_auto_add','2022-01-25 20:14:33.928238'),(19,'admin','0003_logentry_add_action_flag_choices','2022-01-25 20:14:33.973163'),(20,'captcha','0001_initial','2022-01-25 20:14:34.267527'),(21,'captcha','0002_alter_captchastore_id','2022-01-25 20:14:34.850147'),(22,'lymessages','0001_initial','2022-01-25 20:14:36.170885'),(23,'lymessages','0002_initial','2022-01-25 20:14:39.313404'),(24,'mysystem','0002_auto_20211110_0850','2022-01-25 20:14:39.420847'),(25,'oauth','0001_initial','2022-01-25 20:14:40.724210'),(26,'platformsettings','0001_initial','2022-01-25 20:14:41.265096'),(27,'platformsettings','0002_lunbotumanage','2022-01-25 20:14:41.776382'),(28,'sessions','0001_initial','2022-01-25 20:14:42.172148');

#
# Structure for table "django_session"
#

DROP TABLE IF EXISTS `django_session`;
CREATE TABLE `django_session` (
  `session_key` varchar(40) NOT NULL,
  `session_data` longtext NOT NULL,
  `expire_date` datetime(6) NOT NULL,
  PRIMARY KEY (`session_key`),
  KEY `django_session_expire_date_a5c62663` (`expire_date`)
) ENGINE=InnoDB DEFAULT CHARSET=utf8mb4 COMMENT='session';

#
# Data for table "django_session"
#


#
# Structure for table "lyadmin_button"
#

DROP TABLE IF EXISTS `lyadmin_button`;
CREATE TABLE `lyadmin_button` (
  `id` varchar(100) NOT NULL COMMENT 'Id',
  `description` varchar(100) DEFAULT NULL COMMENT '描述',
  `modifier` varchar(100) DEFAULT NULL COMMENT '修改人',
  `dept_belong_id` varchar(100) DEFAULT NULL COMMENT '数据归属部门',
  `update_datetime` datetime(6) DEFAULT NULL COMMENT '修改时间',
  `create_datetime` datetime(6) DEFAULT NULL COMMENT '创建时间',
  `name` varchar(64) NOT NULL COMMENT '权限名称',
  `value` varchar(64) NOT NULL COMMENT '权限值',
  `creator_id` varchar(100) DEFAULT NULL COMMENT '创建人',
  PRIMARY KEY (`id`),
  KEY `lyadmin_button_creator_id_8ed6f8c5` (`creator_id`)
) ENGINE=InnoDB DEFAULT CHARSET=utf8mb4 COMMENT='权限标识表';

#
# Data for table "lyadmin_button"
#

INSERT INTO `lyadmin_button` VALUES ('2d763a6d6dcf409d87056efd06aace0a',NULL,NULL,NULL,'2022-01-25 20:15:25.896968','2022-01-25 20:15:25.896968','修改密码','Changepassword',NULL),('4547b93a-36b9-410d-987c-3c52a9b51156',NULL,NULL,NULL,'2022-01-25 20:15:25.596261','2022-01-25 20:15:25.596261','编辑','Update',NULL),('4a410769-6b0a-4ed3-90f0-b5d89a6f802c',NULL,NULL,NULL,'2022-01-25 20:15:25.616791','2022-01-25 20:15:25.616791','删除','Delete',NULL),('644e9c34-e3d6-4518-b795-a603a6e9a137',NULL,NULL,NULL,'2022-01-25 20:15:25.676952','2022-01-25 20:15:25.676952','单例','Retrieve',NULL),('6e0a41e5308c44a8b0d2785e05b2c07a',NULL,NULL,NULL,'2022-01-25 20:15:25.930984','2022-01-25 20:15:25.930984','禁用','Disable',NULL),('80cb145b-5035-4517-a28a-7d59426f73f8',NULL,NULL,NULL,'2022-01-25 20:15:25.730106','2022-01-25 20:15:25.730106','新增','Create',NULL),('83a9b774-4669-4d2f-b61d-8ee4944c2316',NULL,NULL,NULL,'2022-01-25 20:15:25.855447','2022-01-25 20:15:25.855447','保存','Save',NULL),('ccc3f35f-c80c-4929-b8cc-67531698f397',NULL,NULL,NULL,'2022-01-25 20:15:25.788035','2022-01-25 20:15:25.788035','查询','Search',NULL);

#
# Structure for table "lyadmin_dept"
#

DROP TABLE IF EXISTS `lyadmin_dept`;
CREATE TABLE `lyadmin_dept` (
  `id` varchar(100) NOT NULL COMMENT 'Id',
  `description` varchar(100) DEFAULT NULL COMMENT '描述',
  `modifier` varchar(100) DEFAULT NULL COMMENT '修改人',
  `dept_belong_id` varchar(100) DEFAULT NULL COMMENT '数据归属部门',
  `update_datetime` datetime(6) DEFAULT NULL COMMENT '修改时间',
  `create_datetime` datetime(6) DEFAULT NULL COMMENT '创建时间',
  `name` varchar(64) NOT NULL COMMENT '部门名称',
  `sort` int(11) NOT NULL COMMENT '显示排序',
  `owner` varchar(32) DEFAULT NULL COMMENT '负责人',
  `phone` varchar(32) DEFAULT NULL COMMENT '联系电话',
  `email` varchar(32) DEFAULT NULL COMMENT '邮箱',
  `status` int(11) DEFAULT NULL COMMENT '部门状态',
  `creator_id` varchar(100) DEFAULT NULL COMMENT '创建人',
  `parent_id` varchar(100) DEFAULT NULL COMMENT '上级部门',
  PRIMARY KEY (`id`),
  KEY `lyadmin_dept_creator_id_bb4dafb6` (`creator_id`),
  KEY `lyadmin_dept_parent_id_c856ab90` (`parent_id`)
) ENGINE=InnoDB DEFAULT CHARSET=utf8mb4 COMMENT='部门表';

#
# Data for table "lyadmin_dept"
#

INSERT INTO `lyadmin_dept` VALUES ('cae96ade-7483-4827-bb0d-d2bd63ec1cc4',NULL,NULL,NULL,'2022-01-25 20:15:25.452914','2022-01-25 20:15:25.452914','财务部门',1,NULL,NULL,NULL,1,NULL,'d2c03bd9-dad0-4262-88ca-c3681d224fc3'),('d2c03bd9-dad0-4262-88ca-c3681d224fc3',NULL,NULL,NULL,'2022-01-25 20:15:25.494068','2022-01-25 20:15:25.494068','lyadmin团队',1,NULL,NULL,NULL,1,NULL,NULL),('fd8230ca-67bd-4347-8a9b-57eb19be5d9e',NULL,NULL,NULL,'2022-01-25 20:15:25.543193','2022-01-25 20:15:25.543193','研发部门',2,NULL,NULL,NULL,1,NULL,'d2c03bd9-dad0-4262-88ca-c3681d224fc3');

#
# Structure for table "lyadmin_dictionary"
#

DROP TABLE IF EXISTS `lyadmin_dictionary`;
CREATE TABLE `lyadmin_dictionary` (
  `id` varchar(100) NOT NULL COMMENT 'Id',
  `description` varchar(100) DEFAULT NULL COMMENT '描述',
  `modifier` varchar(100) DEFAULT NULL COMMENT '修改人',
  `dept_belong_id` varchar(100) DEFAULT NULL COMMENT '数据归属部门',
  `update_datetime` datetime(6) DEFAULT NULL COMMENT '修改时间',
  `create_datetime` datetime(6) DEFAULT NULL COMMENT '创建时间',
  `code` varchar(100) DEFAULT NULL COMMENT '编码',
  `name` varchar(100) DEFAULT NULL COMMENT '名称',
  `status` int(11) NOT NULL COMMENT '状态',
  `sort` int(11) DEFAULT NULL COMMENT '显示排序',
  `remark` varchar(255) DEFAULT NULL COMMENT '备注',
  `creator_id` varchar(100) DEFAULT NULL COMMENT '创建人',
  `parent_id` varchar(100) DEFAULT NULL COMMENT '父级',
  PRIMARY KEY (`id`),
  UNIQUE KEY `code` (`code`),
  KEY `lyadmin_dictionary_creator_id_f75d1c0b` (`creator_id`),
  KEY `lyadmin_dictionary_parent_id_9d47f813` (`parent_id`)
) ENGINE=InnoDB DEFAULT CHARSET=utf8mb4 COMMENT='字典表';

#
# Data for table "lyadmin_dictionary"
#


#
# Structure for table "lyadmin_dictionary_detail"
#

DROP TABLE IF EXISTS `lyadmin_dictionary_detail`;
CREATE TABLE `lyadmin_dictionary_detail` (
  `id` varchar(100) NOT NULL COMMENT 'Id',
  `description` varchar(100) DEFAULT NULL COMMENT '描述',
  `modifier` varchar(100) DEFAULT NULL COMMENT '修改人',
  `dept_belong_id` varchar(100) DEFAULT NULL COMMENT '数据归属部门',
  `update_datetime` datetime(6) DEFAULT NULL COMMENT '修改时间',
  `create_datetime` datetime(6) DEFAULT NULL COMMENT '创建时间',
  `code` varchar(100) DEFAULT NULL COMMENT '编码',
  `label` varchar(100) DEFAULT NULL COMMENT '显示名称',
  `value` varchar(100) DEFAULT NULL COMMENT '实际值',
  `status` int(11) NOT NULL COMMENT '状态',
  `remark` varchar(255) DEFAULT NULL COMMENT '备注',
  `creator_id` varchar(100) DEFAULT NULL COMMENT '创建人',
  `dict_id` varchar(100) DEFAULT NULL COMMENT '关联主表',
  PRIMARY KEY (`id`),
  KEY `lyadmin_dictionary_detail_creator_id_6422260d` (`creator_id`),
  KEY `lyadmin_dictionary_detail_dict_id_418a11f9` (`dict_id`)
) ENGINE=InnoDB DEFAULT CHARSET=utf8mb4 COMMENT='字典详细表';

#
# Data for table "lyadmin_dictionary_detail"
#


#
# Structure for table "lyadmin_login_log"
#

DROP TABLE IF EXISTS `lyadmin_login_log`;
CREATE TABLE `lyadmin_login_log` (
  `id` varchar(100) NOT NULL COMMENT 'Id',
  `description` varchar(100) DEFAULT NULL COMMENT '描述',
  `modifier` varchar(100) DEFAULT NULL COMMENT '修改人',
  `dept_belong_id` varchar(100) DEFAULT NULL COMMENT '数据归属部门',
  `update_datetime` datetime(6) DEFAULT NULL COMMENT '修改时间',
  `create_datetime` datetime(6) DEFAULT NULL COMMENT '创建时间',
  `session_id` varchar(64) DEFAULT NULL COMMENT '会话标识',
  `browser` varchar(64) NOT NULL COMMENT '浏览器',
  `ipaddr` varchar(32) DEFAULT NULL COMMENT 'ip地址',
  `loginLocation` varchar(64) DEFAULT NULL COMMENT '登录位置',
  `msg` longtext COMMENT '操作信息',
  `os` varchar(64) DEFAULT NULL COMMENT '操作系统',
  `status` tinyint(1) NOT NULL COMMENT '登录状态',
  `creator_id` varchar(100) DEFAULT NULL COMMENT '创建人',
  PRIMARY KEY (`id`),
  KEY `lyadmin_login_log_creator_id_2aae8b60` (`creator_id`)
) ENGINE=InnoDB DEFAULT CHARSET=utf8mb4 COMMENT='登录日志';

#
# Data for table "lyadmin_login_log"
#


#
# Structure for table "lyadmin_menu"
#

DROP TABLE IF EXISTS `lyadmin_menu`;
CREATE TABLE `lyadmin_menu` (
  `id` varchar(100) NOT NULL COMMENT 'Id',
  `description` varchar(100) DEFAULT NULL COMMENT '描述',
  `modifier` varchar(100) DEFAULT NULL COMMENT '修改人',
  `dept_belong_id` varchar(100) DEFAULT NULL COMMENT '数据归属部门',
  `update_datetime` datetime(6) DEFAULT NULL COMMENT '修改时间',
  `create_datetime` datetime(6) DEFAULT NULL COMMENT '创建时间',
  `icon` varchar(64) DEFAULT NULL COMMENT '菜单图标',
  `name` varchar(64) NOT NULL COMMENT '菜单名称',
  `sort` int(11) DEFAULT NULL COMMENT '显示排序',
  `is_link` int(11) NOT NULL COMMENT '是否外链',
  `web_path` varchar(128) DEFAULT NULL COMMENT '路由地址',
  `component` varchar(128) DEFAULT NULL COMMENT '组件地址',
  `component_name` varchar(50) DEFAULT NULL COMMENT '组件名称',
  `status` int(11) NOT NULL COMMENT '菜单状态',
  `isautopm` int(11) NOT NULL COMMENT '自动创建按钮权限',
  `cache` int(11) NOT NULL COMMENT '是否页面缓存',
  `visible` int(11) NOT NULL COMMENT '侧边栏中是否显示',
  `creator_id` varchar(100) DEFAULT NULL COMMENT '创建人',
  `parent_id` varchar(100) DEFAULT NULL COMMENT '上级菜单',
  PRIMARY KEY (`id`),
  KEY `lyadmin_menu_creator_id_39b95522` (`creator_id`),
  KEY `lyadmin_menu_parent_id_4a6f3129` (`parent_id`)
) ENGINE=InnoDB DEFAULT CHARSET=utf8mb4 COMMENT='菜单表';

#
# Data for table "lyadmin_menu"
#

INSERT INTO `lyadmin_menu` VALUES ('151035da-77a3-4a62-b474-fce6824571fb',NULL,'superadmin',NULL,'2022-02-04 17:32:19.236579','2022-01-25 20:15:26.452181','','按钮管理',6,0,'buttonManage','system/button','buttonManage',1,0,0,0,NULL,'54f769b0-3dff-416c-8102-e55ec44827cc'),('15c9ebc5-d12f-470a-a560-938a7dc57570',NULL,'superadmin',NULL,'2022-02-04 17:32:10.988949','2022-01-25 20:15:26.402210','','角色管理',3,0,'roleManage','system/role','role',1,0,0,1,NULL,'54f769b0-3dff-416c-8102-e55ec44827cc'),('244b28685cd14a39a383189981510d4a',NULL,'superadmin',NULL,'2022-01-28 20:52:33.709147','2022-01-25 20:15:26.139477','user-filled','用户管理',5,0,'userManage',NULL,NULL,1,0,0,1,NULL,NULL),('25735adb-d051-4b7b-bbb7-1154526f3e4c',NULL,'superadmin',NULL,'2022-01-28 20:59:44.452617','2022-01-25 20:15:26.563486','user','个人中心',13,0,'personalCenter',NULL,NULL,1,0,0,1,NULL,NULL),('2e3438c8-3ddc-43ff-b8d8-cca328e4856e',NULL,'superadmin',NULL,'2022-01-28 20:42:42.204637','2022-01-25 20:15:26.068228','avatar','管理员管理',1,0,'adminManage',NULL,NULL,1,0,0,1,NULL,NULL),('3171db16eda048ae92b16536fc1241b6',NULL,NULL,NULL,'2022-01-25 20:15:26.238969','2022-01-25 20:15:26.238969','','平台公告',5,0,'messagNotice',NULL,NULL,1,0,0,1,NULL,'d4e2fe169a8b40f3846421ac04e4fccb'),('4236eb70-1558-43a0-9cf2-037230c547f9',NULL,'superadmin',NULL,'2022-02-04 17:31:26.492519','2022-01-25 20:15:26.302160','','部门管理',1,0,'departmentManage','system/dept','dept',1,0,0,1,NULL,'54f769b0-3dff-416c-8102-e55ec44827cc'),('4ba07859-8b73-4524-a1a6-bbff36d98337',NULL,'superadmin',NULL,'2022-02-04 17:32:30.791124','2022-01-25 20:15:26.328580','','操作日志',1,0,'journalManage','system/log/operationLog','operationLog',1,0,0,1,NULL,'c236fb6b-ddaa-4deb-b79b-16e42d9f347f'),('54f769b0-3dff-416c-8102-e55ec44827cc',NULL,'superadmin',NULL,'2022-01-28 21:00:33.841330','2022-01-25 20:15:26.531505','tools','系统管理',20,0,'departmentManage',NULL,NULL,1,0,0,1,NULL,NULL),('56c3f341-4f46-4b04-9cfc-c8a14701707e',NULL,'superadmin',NULL,'2022-02-04 17:32:01.417312','2022-01-25 20:15:26.352831','','菜单管理',2,0,'menuManage','system/menu','menu',1,0,0,1,NULL,'54f769b0-3dff-416c-8102-e55ec44827cc'),('80a340eae92b430abe17635468c2df1d',NULL,'superadmin',NULL,'2022-02-04 16:52:32.059806','2022-01-25 20:15:26.273543','','其他设置',12,0,'platformSettingsother',NULL,NULL,1,0,0,1,NULL,'d4e2fe169a8b40f3846421ac04e4fccb'),('a607e820-36e5-45c0-aabf-85a8e4e2c7ac',NULL,'superadmin',NULL,'2022-02-04 17:32:14.957963','2022-01-25 20:15:26.429031','','权限管理',4,0,'authorityManage','system/rolePermission','rolePermission',1,0,0,1,NULL,'54f769b0-3dff-416c-8102-e55ec44827cc'),('ae5629946df4497cbec10419e8375dd9',NULL,NULL,NULL,'2022-01-25 20:15:26.206097','2022-01-25 20:15:26.206097','','轮播图设置',1,0,'carouselSettingsimg',NULL,NULL,1,0,0,1,NULL,'d4e2fe169a8b40f3846421ac04e4fccb'),('c236fb6b-ddaa-4deb-b79b-16e42d9f347f',NULL,'superadmin',NULL,'2022-01-28 21:01:10.140489','2022-01-25 20:15:26.598672','info-filled','日志管理',999,0,'journalManage',NULL,NULL,1,0,0,1,NULL,NULL),('d4e2fe169a8b40f3846421ac04e4fccb',NULL,'superadmin',NULL,'2022-01-28 20:53:07.483759','2022-01-25 20:15:26.171798','platform','平台设置',9,0,'',NULL,NULL,1,0,0,1,NULL,NULL),('e0f53902-e901-490c-83f3-331e60b97fcf',NULL,'superadmin',NULL,'2022-02-04 17:32:06.410772','2022-01-25 20:15:26.379099','','按钮配置',2,0,'buttonConfig/:id/:name','system/ menuButton',NULL,1,0,0,0,NULL,'54f769b0-3dff-416c-8102-e55ec44827cc');

#
# Structure for table "lyadmin_menu_button"
#

DROP TABLE IF EXISTS `lyadmin_menu_button`;
CREATE TABLE `lyadmin_menu_button` (
  `id` varchar(100) NOT NULL COMMENT 'Id',
  `description` varchar(100) DEFAULT NULL COMMENT '描述',
  `modifier` varchar(100) DEFAULT NULL COMMENT '修改人',
  `dept_belong_id` varchar(100) DEFAULT NULL COMMENT '数据归属部门',
  `update_datetime` datetime(6) DEFAULT NULL COMMENT '修改时间',
  `create_datetime` datetime(6) DEFAULT NULL COMMENT '创建时间',
  `name` varchar(64) NOT NULL COMMENT '名称',
  `value` varchar(64) NOT NULL COMMENT '权限值',
  `api` varchar(64) NOT NULL COMMENT '接口地址',
  `method` int(11) DEFAULT NULL COMMENT '接口请求方法',
  `creator_id` varchar(100) DEFAULT NULL COMMENT '创建人',
  `menu_id` varchar(100) NOT NULL COMMENT '关联菜单',
  PRIMARY KEY (`id`),
  KEY `lyadmin_menu_button_creator_id_e2b5a076` (`creator_id`),
  KEY `lyadmin_menu_button_menu_id_74205633` (`menu_id`)
) ENGINE=InnoDB DEFAULT CHARSET=utf8mb4 COMMENT='菜单权限表';

#
# Data for table "lyadmin_menu_button"
#

INSERT INTO `lyadmin_menu_button` VALUES ('0088e172566f4ee388092ec2be3584ee',NULL,NULL,NULL,'2022-01-25 20:15:28.436059','2022-01-25 20:15:28.436059','删除','Delete','/api/platformsettings/lunboimg/{id}/',3,NULL,'ae5629946df4497cbec10419e8375dd9'),('0209de89-6b9f-4d8a-84d3-ccfc3cc8b4da',NULL,NULL,NULL,'2022-01-25 20:15:26.718001','2022-01-25 20:15:26.718001','编辑','Update','/api/system/button/{id}/',2,NULL,'151035da-77a3-4a62-b474-fce6824571fb'),('04896a47-0f3a-4e2f-a111-bfe15f9e31c5',NULL,NULL,NULL,'2022-01-25 20:15:26.767882','2022-01-25 20:15:26.767882','编辑','Update','/api/system/menu/{id}/',2,NULL,'56c3f341-4f46-4b04-9cfc-c8a14701707e'),('0d931efc-2f80-418f-b4a0-5251f0a88f69',NULL,NULL,NULL,'2022-01-25 20:15:27.680324','2022-01-25 20:15:27.680324','新增','Create','/api/system/operation_log/',1,NULL,'4ba07859-8b73-4524-a1a6-bbff36d98337'),('10610c56-cec2-4774-9468-e1c763e59e70',NULL,NULL,NULL,'2022-01-25 20:15:27.713961','2022-01-25 20:15:27.713961','新增','Create','/api/system/dept/',1,NULL,'4236eb70-1558-43a0-9cf2-037230c547f9'),('140166e2-471e-455e-9dcd-05cebbbab95d',NULL,NULL,NULL,'2022-01-25 20:15:27.247313','2022-01-25 20:15:27.247313','查询','Search','/api/system/role/',0,NULL,'15c9ebc5-d12f-470a-a560-938a7dc57570'),('14e7088f-a39b-47ae-bd67-b9bbcabae96b',NULL,NULL,NULL,'2022-01-25 20:15:28.130610','2022-01-25 20:15:28.130610','单例','Retrieve','/api/users/users/{id}/',0,NULL,'244b28685cd14a39a383189981510d4a'),('1688c5312a2447459e77aaee989207fb',NULL,NULL,NULL,'2022-01-25 20:15:27.580261','2022-01-25 20:15:27.581266','查询','Search','/api/system/dept_tree/',0,NULL,'a607e820-36e5-45c0-aabf-85a8e4e2c7ac'),('1a0c96cf-09a6-43b4-b08a-0c5b6e2f7bb8',NULL,NULL,NULL,'2022-01-25 20:15:28.797113','2022-01-25 20:15:28.797113','保存','Retrieve','/api/system/role/{id}/',2,NULL,'a607e820-36e5-45c0-aabf-85a8e4e2c7ac'),('1b4f27a7-8ab8-4388-ae57-46e29976cf0e',NULL,NULL,NULL,'2022-01-25 20:15:27.747306','2022-01-25 20:15:27.747306','新增','Create','/api/system/button/',1,NULL,'151035da-77a3-4a62-b474-fce6824571fb'),('1d4441fdc418499f856c23aa4e1be2c0',NULL,NULL,NULL,'2022-01-25 20:15:28.097336','2022-01-25 20:15:28.097336','单例','Retrieve','/api/platformsettings/other/{id}/',0,NULL,'80a340eae92b430abe17635468c2df1d'),('264cc3d69f7a46d5a117997e9c78506c',NULL,NULL,NULL,'2022-01-25 20:15:28.464328','2022-01-25 20:15:28.464328','删除','Delete','/api/platformsettings/other/{id}/',3,NULL,'80a340eae92b430abe17635468c2df1d'),('2a3d4756-4d51-4129-b3c4-b2c7a00dbb8a',NULL,NULL,NULL,'2022-01-25 20:15:27.780461','2022-01-25 20:15:27.780461','新增','Create','/api/system/role/',1,NULL,'15c9ebc5-d12f-470a-a560-938a7dc57570'),('2c53efc8-e6a4-4192-8688-03baed0874a4',NULL,NULL,NULL,'2022-01-25 20:15:28.497022','2022-01-25 20:15:28.497022','删除','Delete','/api/system/user/{id}/',3,NULL,'2e3438c8-3ddc-43ff-b8d8-cca328e4856e'),('324776a3-48ec-4bca-bdd9-1838e2b6f7cc',NULL,NULL,NULL,'2022-01-25 20:15:27.280366','2022-01-25 20:15:27.280366','查询','Search','/api/system/user/',0,NULL,'2e3438c8-3ddc-43ff-b8d8-cca328e4856e'),('353595a28cb1463b830cfbf79fea60b5',NULL,NULL,NULL,'2022-01-25 20:15:28.855429','2022-01-25 20:15:28.855429','禁用','Disable','/api/users/users/disableuser/{id}/',2,NULL,'244b28685cd14a39a383189981510d4a'),('3688b715-4689-468f-bf3e-6f910259f837',NULL,NULL,NULL,'2022-01-25 20:15:27.312544','2022-01-25 20:15:27.312544','查询','Search','/api/system/user/user_info/',0,NULL,'25735adb-d051-4b7b-bbb7-1154526f3e4c'),('37462e31-3cdf-4576-af10-5958f53b1bef',NULL,NULL,NULL,'2022-01-25 20:15:27.346977','2022-01-25 20:15:27.346977','查询','Search','/api/system/operation_log/',0,NULL,'4ba07859-8b73-4524-a1a6-bbff36d98337'),('3e11db64-b8e8-4558-963b-71d063a7db16',NULL,NULL,NULL,'2022-01-25 20:15:26.865766','2022-01-25 20:15:26.865766','编辑','Update','/api/system/dept/{id}/',2,NULL,'4236eb70-1558-43a0-9cf2-037230c547f9'),('3fd6ae6c-fd76-4465-b2b6-db672f4bd79e',NULL,NULL,NULL,'2022-01-25 20:15:28.530705','2022-01-25 20:15:28.530705','删除','Delete','/api/system/role/{id}/',3,NULL,'15c9ebc5-d12f-470a-a560-938a7dc57570'),('42ad6e05-7c84-444f-bcae-09de84f4988b',NULL,NULL,NULL,'2022-01-25 20:15:27.381085','2022-01-25 20:15:27.381085','查询','Search','/api/system/menu/',0,NULL,'56c3f341-4f46-4b04-9cfc-c8a14701707e'),('43696212-ecba-4e66-8678-33c9bc935c76',NULL,NULL,NULL,'2022-01-25 20:15:27.414248','2022-01-25 20:15:27.414248','查询','Search','/api/users/users/',0,NULL,'244b28685cd14a39a383189981510d4a'),('4fe4b7f5-0bc8-4375-9f39-747e06ec285a',NULL,NULL,NULL,'2022-01-25 20:15:28.564256','2022-01-25 20:15:28.564256','删除','Delete','/api/system/menu_button/{id}/',3,NULL,'e0f53902-e901-490c-83f3-331e60b97fcf'),('51085c21-2279-490f-8878-594f059f7616',NULL,NULL,NULL,'2022-01-25 20:15:28.597366','2022-01-25 20:15:28.597366','删除','Delete','/api/system/button/{id}/',3,NULL,'151035da-77a3-4a62-b474-fce6824571fb'),('59db5099a03f44c8adb883faa340c15a',NULL,NULL,NULL,'2022-01-25 20:15:27.181082','2022-01-25 20:15:27.181082','查询','Search','/api/platformsettings/lunboimg/',0,NULL,'ae5629946df4497cbec10419e8375dd9'),('5aac29b0-5a32-45fb-81c5-437b48f4a5df',NULL,NULL,NULL,'2022-01-25 20:15:27.447306','2022-01-25 20:15:27.447306','查询','Search','/api/system/menu_button/',0,NULL,'e0f53902-e901-490c-83f3-331e60b97fcf'),('5d77d14e-b199-481f-a97d-6e4c0e84fe71',NULL,NULL,NULL,'2022-01-25 20:15:26.914230','2022-01-25 20:15:26.914230','修改密码','Changepassword','/api/system/user/change_password/{id}/',2,NULL,'25735adb-d051-4b7b-bbb7-1154526f3e4c'),('6208f412-6bca-4d7b-a5a0-0103b7ba6091',NULL,NULL,NULL,'2022-01-25 20:15:28.163883','2022-01-25 20:15:28.163883','单例','Retrieve','/api/system/button/{id}/',0,NULL,'151035da-77a3-4a62-b474-fce6824571fb'),('6300774a-d19c-43ad-8102-d7bf341eff33',NULL,NULL,NULL,'2022-01-25 20:15:28.195858','2022-01-25 20:15:28.195858','单例','Retrieve','/api/system/dept/{id}/',0,NULL,'4236eb70-1558-43a0-9cf2-037230c547f9'),('646e9790-24f5-4606-abc4-0b5eede12f66',NULL,NULL,NULL,'2022-01-25 20:15:27.479213','2022-01-25 20:15:27.479213','查询','Search','/api/system/dept/',0,NULL,'4236eb70-1558-43a0-9cf2-037230c547f9'),('6b88361b326a4e55a8a5135c08ba66f1',NULL,NULL,NULL,'2022-01-25 20:15:28.386008','2022-01-25 20:15:28.386008','单例','Retrieve','/api/messages/messagenotice/{id}/',0,NULL,'3171db16eda048ae92b16536fc1241b6'),('6d6b6689d1224900b09c8101b3344f42',NULL,NULL,NULL,'2022-01-25 20:15:28.412000','2022-01-25 20:15:28.412000','单例','Retrieve','/api/system/role_id_to_menu/{id}/',0,NULL,'a607e820-36e5-45c0-aabf-85a8e4e2c7ac'),('6e4251a948f348ccaa419a777a118048',NULL,NULL,NULL,'2022-01-25 20:15:26.663905','2022-01-25 20:15:26.664907','编辑','Update','/api/platformsettings/other/{id}/',2,NULL,'80a340eae92b430abe17635468c2df1d'),('77096cd56a6441699345e6e4f22d0ec3',NULL,NULL,NULL,'2022-01-25 20:15:27.647291','2022-01-25 20:15:27.647291','新增','Create','/api/platformsettings/other/',1,NULL,'80a340eae92b430abe17635468c2df1d'),('7aef1da4647844e3944a2745cef1bc6d',NULL,NULL,NULL,'2022-01-25 20:15:27.612486','2022-01-25 20:15:27.612486','新增','Create','/api/platformsettings/lunboimg/',1,NULL,'ae5629946df4497cbec10419e8375dd9'),('80efc041695a42e4a9a04c010c6c7004',NULL,NULL,NULL,'2022-01-25 20:15:27.213128','2022-01-25 20:15:27.213128','查询','Search','/api/platformsettings/other/',0,NULL,'80a340eae92b430abe17635468c2df1d'),('875bdfeb-0c34-441d-8ee3-bb93c21e17dd',NULL,NULL,NULL,'2022-01-25 20:15:26.946396','2022-01-25 20:15:26.946396','编辑','Update','/api/users/users/{id}/',2,NULL,'244b28685cd14a39a383189981510d4a'),('8ae924bd-576c-4ae1-92eb-b0a98148baae',NULL,NULL,NULL,'2022-01-25 20:15:28.629274','2022-01-25 20:15:28.629274','删除','Delete','/api/system/menu/{id}/',3,NULL,'56c3f341-4f46-4b04-9cfc-c8a14701707e'),('8b7a0e79-a6ef-4946-87c6-8c042b887e1c',NULL,NULL,NULL,'2022-01-25 20:15:28.230756','2022-01-25 20:15:28.230756','单例','Retrieve','/api/system/operation_log/{id}/',0,NULL,'4ba07859-8b73-4524-a1a6-bbff36d98337'),('96022ae5-6425-47b9-8f89-01edc33eb2b7',NULL,NULL,NULL,'2022-01-25 20:15:28.264477','2022-01-25 20:15:28.264477','单例','Retrieve','/api/system/role/{id}/',0,NULL,'15c9ebc5-d12f-470a-a560-938a7dc57570'),('9e6b2376-1ab0-4966-8d5d-4ad4f911d13c',NULL,NULL,NULL,'2022-01-25 20:15:27.849939','2022-01-25 20:15:27.849939','新增','Create','/api/system/user/',1,NULL,'2e3438c8-3ddc-43ff-b8d8-cca328e4856e'),('9fc8436a-1996-478f-a155-5de7939a54dc',NULL,NULL,NULL,'2022-01-25 20:15:27.913689','2022-01-25 20:15:27.913689','新增','Create','/api/users/users/',1,NULL,'244b28685cd14a39a383189981510d4a'),('a3088120763d49ad93498eb515c7c244',NULL,NULL,NULL,'2022-01-25 20:15:28.060326','2022-01-25 20:15:28.060326','单例','Retrieve','/api/platformsettings/lunboimg/{id}/',0,NULL,'ae5629946df4497cbec10419e8375dd9'),('abe5c07f-0cab-4053-ac24-e782792e9d7f',NULL,NULL,NULL,'2022-01-25 20:15:27.947173','2022-01-25 20:15:27.947173','新增','Create','/api/system/menu/',1,NULL,'56c3f341-4f46-4b04-9cfc-c8a14701707e'),('acfde861-1872-47e2-a1f1-abeda5175b7f',NULL,NULL,NULL,'2022-01-25 20:15:28.664701','2022-01-25 20:15:28.664701','删除','Delete','/api/system/operation_log/{id}/',3,NULL,'4ba07859-8b73-4524-a1a6-bbff36d98337'),('af60d628-73b1-4c5d-b34e-7c70ab9bd87e',NULL,NULL,NULL,'2022-01-25 20:15:27.513740','2022-01-25 20:15:27.514741','查询','Search','/api/system/button/',0,NULL,'151035da-77a3-4a62-b474-fce6824571fb'),('b10f7d08-2592-4b54-8557-b5ca864a029a',NULL,NULL,NULL,'2022-01-25 20:15:28.696047','2022-01-25 20:15:28.697046','删除','Delete','/api/system/dept/{id}/',3,NULL,'4236eb70-1558-43a0-9cf2-037230c547f9'),('bb7de9ee-5fd1-46f5-9849-088c522f49c7',NULL,NULL,NULL,'2022-01-25 20:15:28.730641','2022-01-25 20:15:28.730641','删除','Delete','/api/users/users/{id}/',3,NULL,'244b28685cd14a39a383189981510d4a'),('bc114580-e62d-4e08-b707-843759817344',NULL,NULL,NULL,'2022-01-25 20:15:26.980600','2022-01-25 20:15:26.980600','编辑','Update','/api/system/user/{id}/',2,NULL,'2e3438c8-3ddc-43ff-b8d8-cca328e4856e'),('bc6104a0-f487-4dfd-a368-fb587d6d57d8',NULL,NULL,NULL,'2022-01-25 20:15:27.012451','2022-01-25 20:15:27.012451','编辑','Update','/api/system/menu_button/{id}/',2,NULL,'e0f53902-e901-490c-83f3-331e60b97fcf'),('c8eee7f68c1845169b8d2af946502077',NULL,NULL,NULL,'2022-01-25 20:15:28.763781','2022-01-25 20:15:28.763781','删除','Delete','/api/messages/messagenotice/{id}/',3,NULL,'3171db16eda048ae92b16536fc1241b6'),('ca69833045ed4cf78c8586f7e55ba6db',NULL,NULL,NULL,'2022-01-25 20:15:27.145911','2022-01-25 20:15:27.145911','编辑','Update','/api/messages/messagenotice/{id}/',2,NULL,'3171db16eda048ae92b16536fc1241b6'),('d1b3c15f0c664857aeca1d9065d9c499',NULL,NULL,NULL,'2022-01-25 20:15:27.547054','2022-01-25 20:15:27.547054','查询','Search','/api/messages/messagenotice/',0,NULL,'3171db16eda048ae92b16536fc1241b6'),('d22c0176-96e0-48b3-b81e-13443f306af5',NULL,NULL,NULL,'2022-01-25 20:15:27.047264','2022-01-25 20:15:27.047264','编辑','Update','/api/system/role/{id}/',2,NULL,'15c9ebc5-d12f-470a-a560-938a7dc57570'),('d2e0608b5b4941ef8c3ff834977caeef',NULL,NULL,NULL,'2022-01-25 20:15:28.013104','2022-01-25 20:15:28.013104','新增','Create','/api/messages/messagenotice/',1,NULL,'3171db16eda048ae92b16536fc1241b6'),('dcc58831-08d1-4469-8b01-fca71e0f497f',NULL,NULL,NULL,'2022-01-25 20:15:27.079215','2022-01-25 20:15:27.079215','编辑','Update','/api/system/user/user_info/',2,NULL,'25735adb-d051-4b7b-bbb7-1154526f3e4c'),('e6b93920-2236-46ec-841b-cff6f63ce788',NULL,NULL,NULL,'2022-01-25 20:15:27.113787','2022-01-25 20:15:27.114801','编辑','Update','/api/system/operation_log/{id}/',2,NULL,'4ba07859-8b73-4524-a1a6-bbff36d98337'),('e7fa30290d37447585ea7583d9d01f1b',NULL,NULL,NULL,'2022-01-25 20:15:26.631837','2022-01-25 20:15:26.631837','编辑','Update','/api/platformsettings/lunboimg/{id}/',2,NULL,'ae5629946df4497cbec10419e8375dd9'),('f0e080c0-275d-4085-b56c-735b49510eff',NULL,NULL,NULL,'2022-01-25 20:15:28.297368','2022-01-25 20:15:28.298413','单例','Retrieve','/api/system/user/{id}/',0,NULL,'2e3438c8-3ddc-43ff-b8d8-cca328e4856e'),('fc71b446-fde1-439f-ab41-c38f30230caa',NULL,NULL,NULL,'2022-01-25 20:15:27.980032','2022-01-25 20:15:27.980032','新增','Create','/api/system/menu_button/',1,NULL,'e0f53902-e901-490c-83f3-331e60b97fcf'),('fcbe4cec-cc2d-436d-92ba-023f8c9ad31c',NULL,NULL,NULL,'2022-01-25 20:15:28.329905','2022-01-25 20:15:28.329905','单例','Retrieve','/api/system/menu/{id}/',0,NULL,'56c3f341-4f46-4b04-9cfc-c8a14701707e'),('fe96f32c-6124-4b24-b809-4964186f5163',NULL,NULL,NULL,'2022-01-25 20:15:28.361999','2022-01-25 20:15:28.361999','单例','Retrieve','/api/system/menu_button/{id}/',0,NULL,'e0f53902-e901-490c-83f3-331e60b97fcf');

#
# Structure for table "lyadmin_operation_log"
#

DROP TABLE IF EXISTS `lyadmin_operation_log`;
CREATE TABLE `lyadmin_operation_log` (
  `id` varchar(100) NOT NULL COMMENT 'Id',
  `description` varchar(100) DEFAULT NULL COMMENT '描述',
  `modifier` varchar(100) DEFAULT NULL COMMENT '修改人',
  `dept_belong_id` varchar(100) DEFAULT NULL COMMENT '数据归属部门',
  `update_datetime` datetime(6) DEFAULT NULL COMMENT '修改时间',
  `create_datetime` datetime(6) DEFAULT NULL COMMENT '创建时间',
  `request_modular` varchar(64) DEFAULT NULL COMMENT '请求模块',
  `request_path` longtext COMMENT '请求地址',
  `request_body` longtext COMMENT '请求参数',
  `request_method` varchar(8) DEFAULT NULL COMMENT '请求方式',
  `request_msg` longtext COMMENT '操作说明',
  `request_ip` varchar(32) DEFAULT NULL COMMENT '请求ip地址',
  `request_browser` varchar(64) DEFAULT NULL COMMENT '请求浏览器',
  `response_code` varchar(32) DEFAULT NULL COMMENT '响应状态码',
  `request_os` varchar(64) DEFAULT NULL COMMENT '操作系统',
  `json_result` longtext COMMENT '返回信息',
  `status` tinyint(1) NOT NULL COMMENT '响应状态',
  `creator_id` varchar(100) DEFAULT NULL COMMENT '创建人',
  PRIMARY KEY (`id`),
  KEY `lyadmin_operation_log_creator_id_7b08f4e1` (`creator_id`)
) ENGINE=InnoDB DEFAULT CHARSET=utf8mb4 COMMENT='操作日志';

#
# Data for table "lyadmin_operation_log"
#

INSERT INTO `lyadmin_operation_log` VALUES ('c72f65b5522a40ef9f8dbcc9a43e185a',NULL,NULL,'d2c03bd9-dad0-4262-88ca-c3681d224fc3','2022-02-05 11:02:42.059526','2022-02-05 11:02:42.059526',NULL,'/api/system/operation_log/deletealllogs/','{}','DELETE',NULL,'127.0.0.1','Chrome 97.0.4692','2000','Windows 10','{\'code\': 2000, \'msg\': \'清空成功\'}',1,'456b688c-8ad5-46de-bc2e-d41d8047bd42');

#
# Structure for table "lyadmin_post"
#

DROP TABLE IF EXISTS `lyadmin_post`;
CREATE TABLE `lyadmin_post` (
  `id` varchar(100) NOT NULL COMMENT 'Id',
  `description` varchar(100) DEFAULT NULL COMMENT '描述',
  `modifier` varchar(100) DEFAULT NULL COMMENT '修改人',
  `dept_belong_id` varchar(100) DEFAULT NULL COMMENT '数据归属部门',
  `update_datetime` datetime(6) DEFAULT NULL COMMENT '修改时间',
  `create_datetime` datetime(6) DEFAULT NULL COMMENT '创建时间',
  `name` varchar(64) NOT NULL COMMENT '岗位名称',
  `code` varchar(32) NOT NULL COMMENT '岗位编码',
  `sort` int(11) NOT NULL COMMENT '岗位顺序',
  `status` int(11) NOT NULL COMMENT '岗位状态',
  `creator_id` varchar(100) DEFAULT NULL COMMENT '创建人',
  PRIMARY KEY (`id`),
  KEY `lyadmin_post_creator_id_15f90961` (`creator_id`)
) ENGINE=InnoDB DEFAULT CHARSET=utf8mb4 COMMENT='岗位表';

#
# Data for table "lyadmin_post"
#


#
# Structure for table "lyadmin_role"
#

DROP TABLE IF EXISTS `lyadmin_role`;
CREATE TABLE `lyadmin_role` (
  `id` varchar(100) NOT NULL COMMENT 'Id',
  `description` varchar(100) DEFAULT NULL COMMENT '描述',
  `modifier` varchar(100) DEFAULT NULL COMMENT '修改人',
  `dept_belong_id` varchar(100) DEFAULT NULL COMMENT '数据归属部门',
  `update_datetime` datetime(6) DEFAULT NULL COMMENT '修改时间',
  `create_datetime` datetime(6) DEFAULT NULL COMMENT '创建时间',
  `name` varchar(64) NOT NULL COMMENT '角色名称',
  `key` varchar(64) NOT NULL COMMENT '权限字符',
  `sort` int(11) NOT NULL COMMENT '角色顺序',
  `status` int(11) NOT NULL COMMENT '角色状态',
  `admin` int(11) NOT NULL COMMENT '是否为admin',
  `data_range` int(11) NOT NULL COMMENT '数据权限范围',
  `remark` longtext COMMENT '备注',
  `creator_id` varchar(100) DEFAULT NULL COMMENT '创建人',
  PRIMARY KEY (`id`),
  KEY `lyadmin_role_creator_id_858b8a61` (`creator_id`)
) ENGINE=InnoDB DEFAULT CHARSET=utf8mb4 COMMENT='角色表';

#
# Data for table "lyadmin_role"
#

INSERT INTO `lyadmin_role` VALUES ('35b58d98-b506-4f93-be79-ed1e109da071',NULL,NULL,NULL,'2022-01-25 20:15:29.068034','2022-01-25 20:15:29.068034','普通用户','public',2,1,0,4,NULL,NULL),('36001d1a-1b3e-4413-bdfe-b3bc04375f46',NULL,'superadmin',NULL,'2022-02-04 15:39:14.565671','2022-01-25 20:15:28.925260','管理员','admin',1,1,1,3,NULL,NULL);

#
# Structure for table "lyadmin_role_dept"
#

DROP TABLE IF EXISTS `lyadmin_role_dept`;
CREATE TABLE `lyadmin_role_dept` (
  `id` bigint(20) NOT NULL AUTO_INCREMENT,
  `role_id` varchar(100) NOT NULL,
  `dept_id` varchar(100) NOT NULL,
  PRIMARY KEY (`id`),
  UNIQUE KEY `lyadmin_role_dept_role_id_dept_id_75a8409d_uniq` (`role_id`,`dept_id`),
  KEY `lyadmin_role_dept_role_id_bf2e0106` (`role_id`),
  KEY `lyadmin_role_dept_dept_id_4efa5a2b` (`dept_id`)
) ENGINE=InnoDB AUTO_INCREMENT=3 DEFAULT CHARSET=utf8mb4;

#
# Data for table "lyadmin_role_dept"
#

INSERT INTO `lyadmin_role_dept` VALUES (1,'35b58d98-b506-4f93-be79-ed1e109da071','fd8230ca-67bd-4347-8a9b-57eb19be5d9e'),(2,'35b58d98-b506-4f93-be79-ed1e109da071','d2c03bd9-dad0-4262-88ca-c3681d224fc3');

#
# Structure for table "lyadmin_role_menu"
#

DROP TABLE IF EXISTS `lyadmin_role_menu`;
CREATE TABLE `lyadmin_role_menu` (
  `id` bigint(20) NOT NULL AUTO_INCREMENT,
  `role_id` varchar(100) NOT NULL,
  `menu_id` varchar(100) NOT NULL,
  PRIMARY KEY (`id`),
  UNIQUE KEY `lyadmin_role_menu_role_id_menu_id_ee3d26d9_uniq` (`role_id`,`menu_id`),
  KEY `lyadmin_role_menu_role_id_68ec079a` (`role_id`),
  KEY `lyadmin_role_menu_menu_id_27af6f62` (`menu_id`)
) ENGINE=InnoDB AUTO_INCREMENT=22 DEFAULT CHARSET=utf8mb4;

#
# Data for table "lyadmin_role_menu"
#

INSERT INTO `lyadmin_role_menu` VALUES (1,'36001d1a-1b3e-4413-bdfe-b3bc04375f46','244b28685cd14a39a383189981510d4a'),(2,'36001d1a-1b3e-4413-bdfe-b3bc04375f46','151035da-77a3-4a62-b474-fce6824571fb'),(3,'36001d1a-1b3e-4413-bdfe-b3bc04375f46','25735adb-d051-4b7b-bbb7-1154526f3e4c'),(4,'36001d1a-1b3e-4413-bdfe-b3bc04375f46','4ba07859-8b73-4524-a1a6-bbff36d98337'),(5,'36001d1a-1b3e-4413-bdfe-b3bc04375f46','4236eb70-1558-43a0-9cf2-037230c547f9'),(6,'36001d1a-1b3e-4413-bdfe-b3bc04375f46','2e3438c8-3ddc-43ff-b8d8-cca328e4856e'),(7,'36001d1a-1b3e-4413-bdfe-b3bc04375f46','d4e2fe169a8b40f3846421ac04e4fccb'),(8,'36001d1a-1b3e-4413-bdfe-b3bc04375f46','54f769b0-3dff-416c-8102-e55ec44827cc'),(9,'36001d1a-1b3e-4413-bdfe-b3bc04375f46','ae5629946df4497cbec10419e8375dd9'),(10,'36001d1a-1b3e-4413-bdfe-b3bc04375f46','3171db16eda048ae92b16536fc1241b6'),(11,'36001d1a-1b3e-4413-bdfe-b3bc04375f46','a607e820-36e5-45c0-aabf-85a8e4e2c7ac'),(12,'36001d1a-1b3e-4413-bdfe-b3bc04375f46','56c3f341-4f46-4b04-9cfc-c8a14701707e'),(13,'36001d1a-1b3e-4413-bdfe-b3bc04375f46','e0f53902-e901-490c-83f3-331e60b97fcf'),(14,'36001d1a-1b3e-4413-bdfe-b3bc04375f46','c236fb6b-ddaa-4deb-b79b-16e42d9f347f'),(15,'36001d1a-1b3e-4413-bdfe-b3bc04375f46','80a340eae92b430abe17635468c2df1d'),(16,'36001d1a-1b3e-4413-bdfe-b3bc04375f46','15c9ebc5-d12f-470a-a560-938a7dc57570'),(17,'35b58d98-b506-4f93-be79-ed1e109da071','244b28685cd14a39a383189981510d4a'),(18,'35b58d98-b506-4f93-be79-ed1e109da071','4236eb70-1558-43a0-9cf2-037230c547f9'),(19,'35b58d98-b506-4f93-be79-ed1e109da071','54f769b0-3dff-416c-8102-e55ec44827cc'),(20,'35b58d98-b506-4f93-be79-ed1e109da071','56c3f341-4f46-4b04-9cfc-c8a14701707e'),(21,'35b58d98-b506-4f93-be79-ed1e109da071','15c9ebc5-d12f-470a-a560-938a7dc57570');

#
# Structure for table "lyadmin_role_permission"
#

DROP TABLE IF EXISTS `lyadmin_role_permission`;
CREATE TABLE `lyadmin_role_permission` (
  `id` bigint(20) NOT NULL AUTO_INCREMENT,
  `role_id` varchar(100) NOT NULL,
  `menubutton_id` varchar(100) NOT NULL,
  PRIMARY KEY (`id`),
  UNIQUE KEY `lyadmin_role_permission_role_id_menubutton_id_dfd195d1_uniq` (`role_id`,`menubutton_id`),
  KEY `lyadmin_role_permission_role_id_610a95e1` (`role_id`),
  KEY `lyadmin_role_permission_menubutton_id_539eb394` (`menubutton_id`)
) ENGINE=InnoDB AUTO_INCREMENT=65 DEFAULT CHARSET=utf8mb4;

#
# Data for table "lyadmin_role_permission"
#

INSERT INTO `lyadmin_role_permission` VALUES (1,'36001d1a-1b3e-4413-bdfe-b3bc04375f46','14e7088f-a39b-47ae-bd67-b9bbcabae96b'),(2,'36001d1a-1b3e-4413-bdfe-b3bc04375f46','04896a47-0f3a-4e2f-a111-bfe15f9e31c5'),(3,'36001d1a-1b3e-4413-bdfe-b3bc04375f46','37462e31-3cdf-4576-af10-5958f53b1bef'),(4,'36001d1a-1b3e-4413-bdfe-b3bc04375f46','fe96f32c-6124-4b24-b809-4964186f5163'),(5,'36001d1a-1b3e-4413-bdfe-b3bc04375f46','6300774a-d19c-43ad-8102-d7bf341eff33'),(7,'36001d1a-1b3e-4413-bdfe-b3bc04375f46','0088e172566f4ee388092ec2be3584ee'),(8,'36001d1a-1b3e-4413-bdfe-b3bc04375f46','bb7de9ee-5fd1-46f5-9849-088c522f49c7'),(9,'36001d1a-1b3e-4413-bdfe-b3bc04375f46','f0e080c0-275d-4085-b56c-735b49510eff'),(10,'36001d1a-1b3e-4413-bdfe-b3bc04375f46','3688b715-4689-468f-bf3e-6f910259f837'),(11,'36001d1a-1b3e-4413-bdfe-b3bc04375f46','0209de89-6b9f-4d8a-84d3-ccfc3cc8b4da'),(12,'36001d1a-1b3e-4413-bdfe-b3bc04375f46','7aef1da4647844e3944a2745cef1bc6d'),(13,'36001d1a-1b3e-4413-bdfe-b3bc04375f46','353595a28cb1463b830cfbf79fea60b5'),(14,'36001d1a-1b3e-4413-bdfe-b3bc04375f46','acfde861-1872-47e2-a1f1-abeda5175b7f'),(15,'36001d1a-1b3e-4413-bdfe-b3bc04375f46','5d77d14e-b199-481f-a97d-6e4c0e84fe71'),(16,'36001d1a-1b3e-4413-bdfe-b3bc04375f46','e6b93920-2236-46ec-841b-cff6f63ce788'),(17,'36001d1a-1b3e-4413-bdfe-b3bc04375f46','51085c21-2279-490f-8878-594f059f7616'),(18,'36001d1a-1b3e-4413-bdfe-b3bc04375f46','9e6b2376-1ab0-4966-8d5d-4ad4f911d13c'),(19,'36001d1a-1b3e-4413-bdfe-b3bc04375f46','1d4441fdc418499f856c23aa4e1be2c0'),(20,'36001d1a-1b3e-4413-bdfe-b3bc04375f46','80efc041695a42e4a9a04c010c6c7004'),(21,'36001d1a-1b3e-4413-bdfe-b3bc04375f46','8ae924bd-576c-4ae1-92eb-b0a98148baae'),(22,'36001d1a-1b3e-4413-bdfe-b3bc04375f46','2a3d4756-4d51-4129-b3c4-b2c7a00dbb8a'),(23,'36001d1a-1b3e-4413-bdfe-b3bc04375f46','646e9790-24f5-4606-abc4-0b5eede12f66'),(24,'36001d1a-1b3e-4413-bdfe-b3bc04375f46','bc6104a0-f487-4dfd-a368-fb587d6d57d8'),(25,'36001d1a-1b3e-4413-bdfe-b3bc04375f46','77096cd56a6441699345e6e4f22d0ec3'),(26,'36001d1a-1b3e-4413-bdfe-b3bc04375f46','1688c5312a2447459e77aaee989207fb'),(27,'36001d1a-1b3e-4413-bdfe-b3bc04375f46','2c53efc8-e6a4-4192-8688-03baed0874a4'),(28,'36001d1a-1b3e-4413-bdfe-b3bc04375f46','ca69833045ed4cf78c8586f7e55ba6db'),(29,'36001d1a-1b3e-4413-bdfe-b3bc04375f46','af60d628-73b1-4c5d-b34e-7c70ab9bd87e'),(30,'36001d1a-1b3e-4413-bdfe-b3bc04375f46','5aac29b0-5a32-45fb-81c5-437b48f4a5df'),(31,'36001d1a-1b3e-4413-bdfe-b3bc04375f46','d1b3c15f0c664857aeca1d9065d9c499'),(32,'36001d1a-1b3e-4413-bdfe-b3bc04375f46','dcc58831-08d1-4469-8b01-fca71e0f497f'),(33,'36001d1a-1b3e-4413-bdfe-b3bc04375f46','d2e0608b5b4941ef8c3ff834977caeef'),(34,'36001d1a-1b3e-4413-bdfe-b3bc04375f46','fcbe4cec-cc2d-436d-92ba-023f8c9ad31c'),(35,'36001d1a-1b3e-4413-bdfe-b3bc04375f46','6e4251a948f348ccaa419a777a118048'),(36,'36001d1a-1b3e-4413-bdfe-b3bc04375f46','abe5c07f-0cab-4053-ac24-e782792e9d7f'),(37,'36001d1a-1b3e-4413-bdfe-b3bc04375f46','264cc3d69f7a46d5a117997e9c78506c'),(38,'36001d1a-1b3e-4413-bdfe-b3bc04375f46','1a0c96cf-09a6-43b4-b08a-0c5b6e2f7bb8'),(40,'36001d1a-1b3e-4413-bdfe-b3bc04375f46','10610c56-cec2-4774-9468-e1c763e59e70'),(41,'36001d1a-1b3e-4413-bdfe-b3bc04375f46','6208f412-6bca-4d7b-a5a0-0103b7ba6091'),(42,'36001d1a-1b3e-4413-bdfe-b3bc04375f46','0d931efc-2f80-418f-b4a0-5251f0a88f69'),(43,'36001d1a-1b3e-4413-bdfe-b3bc04375f46','140166e2-471e-455e-9dcd-05cebbbab95d'),(44,'36001d1a-1b3e-4413-bdfe-b3bc04375f46','59db5099a03f44c8adb883faa340c15a'),(45,'36001d1a-1b3e-4413-bdfe-b3bc04375f46','875bdfeb-0c34-441d-8ee3-bb93c21e17dd'),(46,'36001d1a-1b3e-4413-bdfe-b3bc04375f46','42ad6e05-7c84-444f-bcae-09de84f4988b'),(47,'36001d1a-1b3e-4413-bdfe-b3bc04375f46','6b88361b326a4e55a8a5135c08ba66f1'),(48,'36001d1a-1b3e-4413-bdfe-b3bc04375f46','6d6b6689d1224900b09c8101b3344f42'),(49,'36001d1a-1b3e-4413-bdfe-b3bc04375f46','e7fa30290d37447585ea7583d9d01f1b'),(50,'36001d1a-1b3e-4413-bdfe-b3bc04375f46','1b4f27a7-8ab8-4388-ae57-46e29976cf0e'),(51,'36001d1a-1b3e-4413-bdfe-b3bc04375f46','3e11db64-b8e8-4558-963b-71d063a7db16'),(52,'36001d1a-1b3e-4413-bdfe-b3bc04375f46','c8eee7f68c1845169b8d2af946502077'),(53,'36001d1a-1b3e-4413-bdfe-b3bc04375f46','43696212-ecba-4e66-8678-33c9bc935c76'),(54,'36001d1a-1b3e-4413-bdfe-b3bc04375f46','9fc8436a-1996-478f-a155-5de7939a54dc'),(55,'36001d1a-1b3e-4413-bdfe-b3bc04375f46','a3088120763d49ad93498eb515c7c244'),(56,'36001d1a-1b3e-4413-bdfe-b3bc04375f46','8b7a0e79-a6ef-4946-87c6-8c042b887e1c'),(57,'36001d1a-1b3e-4413-bdfe-b3bc04375f46','3fd6ae6c-fd76-4465-b2b6-db672f4bd79e'),(58,'36001d1a-1b3e-4413-bdfe-b3bc04375f46','96022ae5-6425-47b9-8f89-01edc33eb2b7'),(59,'36001d1a-1b3e-4413-bdfe-b3bc04375f46','4fe4b7f5-0bc8-4375-9f39-747e06ec285a'),(60,'36001d1a-1b3e-4413-bdfe-b3bc04375f46','fc71b446-fde1-439f-ab41-c38f30230caa'),(61,'36001d1a-1b3e-4413-bdfe-b3bc04375f46','b10f7d08-2592-4b54-8557-b5ca864a029a'),(62,'36001d1a-1b3e-4413-bdfe-b3bc04375f46','d22c0176-96e0-48b3-b81e-13443f306af5'),(63,'36001d1a-1b3e-4413-bdfe-b3bc04375f46','bc114580-e62d-4e08-b707-843759817344'),(64,'36001d1a-1b3e-4413-bdfe-b3bc04375f46','324776a3-48ec-4bca-bdd9-1838e2b6f7cc');

#
# Structure for table "lyadmin_users"
#

DROP TABLE IF EXISTS `lyadmin_users`;
CREATE TABLE `lyadmin_users` (
  `password` varchar(128) NOT NULL,
  `last_login` datetime(6) DEFAULT NULL,
  `is_superuser` tinyint(1) NOT NULL COMMENT 'Designates that this user has all permissions without explicitly assigning them.',
  `first_name` varchar(150) NOT NULL,
  `last_name` varchar(150) NOT NULL,
  `is_staff` tinyint(1) NOT NULL COMMENT 'Designates whether the user can log into this admin site.',
  `is_active` tinyint(1) NOT NULL COMMENT 'Designates whether this user should be treated as active. Unselect this instead of deleting accounts.',
  `date_joined` datetime(6) NOT NULL,
  `id` varchar(100) NOT NULL COMMENT 'Id',
  `description` varchar(100) DEFAULT NULL COMMENT '描述',
  `modifier` varchar(100) DEFAULT NULL COMMENT '修改人',
  `dept_belong_id` varchar(100) DEFAULT NULL COMMENT '数据归属部门',
  `update_datetime` datetime(6) DEFAULT NULL COMMENT '修改时间',
  `create_datetime` datetime(6) DEFAULT NULL COMMENT '创建时间',
  `username` varchar(50) NOT NULL COMMENT '用户账号',
  `email` varchar(60) DEFAULT NULL COMMENT '邮箱',
  `mobile` varchar(11) DEFAULT NULL COMMENT '电话',
  `avatar` varchar(200) DEFAULT NULL COMMENT '头像',
  `name` varchar(40) NOT NULL COMMENT '姓名',
  `nickname` varchar(100) NOT NULL COMMENT '用户昵称',
  `gender` int(11) DEFAULT NULL COMMENT '性别',
  `creator_id` varchar(100) DEFAULT NULL COMMENT '创建人',
  `dept_id` varchar(100) DEFAULT NULL COMMENT '关联部门',
  PRIMARY KEY (`id`),
  UNIQUE KEY `username` (`username`),
  KEY `lyadmin_users_creator_id_92824513` (`creator_id`),
  KEY `lyadmin_users_dept_id_ba5fbf41` (`dept_id`)
) ENGINE=InnoDB DEFAULT CHARSET=utf8mb4 COMMENT='用户表';

#
# Data for table "lyadmin_users"
#

INSERT INTO `lyadmin_users` VALUES ('pbkdf2_sha256$260000$oivECWOjB0GJyMjPsrqb3t$9FvnYtXtsNWDva2P3A/eIg6cRMLOp7kiIOuwfLKyDAY=',NULL,0,'','',0,1,'2022-01-25 20:15:29.311670','244b28685cd14a39a383189981510d4a',NULL,NULL,NULL,'2022-01-28 20:02:47.969172','2022-01-25 20:15:29.311670','test',NULL,'18888888888',NULL,'测试用户','测试用户',NULL,NULL,''),('pbkdf2_sha256$320000$nQY3EtiaWbX7vw5yLAx5SR$DEHcmQBl1OO0RcdERC3zdpUW4PFvl6+K9JPSyWJlmOA=',NULL,1,'','',1,1,'2022-01-25 20:15:29.227894','456b688c-8ad5-46de-bc2e-d41d8047bd42',NULL,NULL,NULL,'2022-01-25 20:15:29.227894','2022-01-25 20:15:29.227894','superadmin',NULL,NULL,NULL,'超级管理员','',NULL,NULL,'d2c03bd9-dad0-4262-88ca-c3681d224fc3'),('pbkdf2_sha256$260000$DO6dpT8e4Ls0yD51grncC8$KZfswxNJ8MILTWwy+bicRyU7Q3PKC4orn4SJbhIkN4Q=',NULL,0,'','',1,1,'2022-01-25 20:15:29.251529','d1431450-5068-4461-b57e-7862c005a547',NULL,NULL,NULL,'2022-01-25 20:15:29.251529','2022-01-25 20:15:29.251529','admin',NULL,NULL,NULL,'管理员','',NULL,NULL,'d2c03bd9-dad0-4262-88ca-c3681d224fc3');

#
# Structure for table "django_admin_log"
#

DROP TABLE IF EXISTS `django_admin_log`;
CREATE TABLE `django_admin_log` (
  `id` int(11) NOT NULL AUTO_INCREMENT,
  `action_time` datetime(6) NOT NULL,
  `object_id` longtext,
  `object_repr` varchar(200) NOT NULL,
  `action_flag` smallint(5) unsigned NOT NULL,
  `change_message` longtext NOT NULL,
  `content_type_id` int(11) DEFAULT NULL,
  `user_id` varchar(100) NOT NULL,
  PRIMARY KEY (`id`),
  KEY `django_admin_log_content_type_id_c4bce8eb_fk_django_co` (`content_type_id`),
  KEY `django_admin_log_user_id_c564eba6_fk_lyadmin_users_id` (`user_id`),
  CONSTRAINT `django_admin_log_content_type_id_c4bce8eb_fk_django_co` FOREIGN KEY (`content_type_id`) REFERENCES `django_content_type` (`id`),
  CONSTRAINT `django_admin_log_user_id_c564eba6_fk_lyadmin_users_id` FOREIGN KEY (`user_id`) REFERENCES `lyadmin_users` (`id`)
) ENGINE=InnoDB DEFAULT CHARSET=utf8mb4 COMMENT='log entry';

#
# Data for table "django_admin_log"
#


#
# Structure for table "lyadmin_users_groups"
#

DROP TABLE IF EXISTS `lyadmin_users_groups`;
CREATE TABLE `lyadmin_users_groups` (
  `id` bigint(20) NOT NULL AUTO_INCREMENT,
  `users_id` varchar(100) NOT NULL,
  `group_id` int(11) NOT NULL,
  PRIMARY KEY (`id`),
  UNIQUE KEY `lyadmin_users_groups_users_id_group_id_a79dc867_uniq` (`users_id`,`group_id`),
  KEY `lyadmin_users_groups_group_id_c57fd8d6_fk_auth_group_id` (`group_id`),
  CONSTRAINT `lyadmin_users_groups_group_id_c57fd8d6_fk_auth_group_id` FOREIGN KEY (`group_id`) REFERENCES `auth_group` (`id`),
  CONSTRAINT `lyadmin_users_groups_users_id_8bf861d7_fk_lyadmin_users_id` FOREIGN KEY (`users_id`) REFERENCES `lyadmin_users` (`id`)
) ENGINE=InnoDB DEFAULT CHARSET=utf8mb4;

#
# Data for table "lyadmin_users_groups"
#


#
# Structure for table "lyadmin_users_post"
#

DROP TABLE IF EXISTS `lyadmin_users_post`;
CREATE TABLE `lyadmin_users_post` (
  `id` bigint(20) NOT NULL AUTO_INCREMENT,
  `users_id` varchar(100) NOT NULL,
  `post_id` varchar(100) NOT NULL,
  PRIMARY KEY (`id`),
  UNIQUE KEY `lyadmin_users_post_users_id_post_id_b358d223_uniq` (`users_id`,`post_id`),
  KEY `lyadmin_users_post_users_id_f3295aea` (`users_id`),
  KEY `lyadmin_users_post_post_id_67f9ae2a` (`post_id`)
) ENGINE=InnoDB DEFAULT CHARSET=utf8mb4;

#
# Data for table "lyadmin_users_post"
#


#
# Structure for table "lyadmin_users_role"
#

DROP TABLE IF EXISTS `lyadmin_users_role`;
CREATE TABLE `lyadmin_users_role` (
  `id` bigint(20) NOT NULL AUTO_INCREMENT,
  `users_id` varchar(100) NOT NULL,
  `role_id` varchar(100) NOT NULL,
  PRIMARY KEY (`id`),
  UNIQUE KEY `lyadmin_users_role_users_id_role_id_475ae0d5_uniq` (`users_id`,`role_id`),
  KEY `lyadmin_users_role_users_id_25f578a0` (`users_id`),
  KEY `lyadmin_users_role_role_id_0f927f87` (`role_id`)
) ENGINE=InnoDB AUTO_INCREMENT=2 DEFAULT CHARSET=utf8mb4;

#
# Data for table "lyadmin_users_role"
#

INSERT INTO `lyadmin_users_role` VALUES (1,'d1431450-5068-4461-b57e-7862c005a547','36001d1a-1b3e-4413-bdfe-b3bc04375f46');

#
# Structure for table "lyadmin_users_user_permissions"
#

DROP TABLE IF EXISTS `lyadmin_users_user_permissions`;
CREATE TABLE `lyadmin_users_user_permissions` (
  `id` bigint(20) NOT NULL AUTO_INCREMENT,
  `users_id` varchar(100) NOT NULL,
  `permission_id` int(11) NOT NULL,
  PRIMARY KEY (`id`),
  UNIQUE KEY `lyadmin_users_user_permi_users_id_permission_id_b174f27e_uniq` (`users_id`,`permission_id`),
  KEY `lyadmin_users_user_p_permission_id_0555113f_fk_auth_perm` (`permission_id`),
  CONSTRAINT `lyadmin_users_user_p_permission_id_0555113f_fk_auth_perm` FOREIGN KEY (`permission_id`) REFERENCES `auth_permission` (`id`),
  CONSTRAINT `lyadmin_users_user_p_users_id_7212a3dc_fk_lyadmin_u` FOREIGN KEY (`users_id`) REFERENCES `lyadmin_users` (`id`)
) ENGINE=InnoDB DEFAULT CHARSET=utf8mb4;

#
# Data for table "lyadmin_users_user_permissions"
#


#
# Structure for table "tb_areas"
#

DROP TABLE IF EXISTS `tb_areas`;
CREATE TABLE `tb_areas` (
  `id` bigint(20) NOT NULL AUTO_INCREMENT,
  `name` varchar(50) NOT NULL,
  `parent_id` bigint(20) DEFAULT NULL,
  PRIMARY KEY (`id`),
  KEY `tb_areas_parent_id_bae67575_fk_tb_areas_id` (`parent_id`),
  CONSTRAINT `tb_areas_parent_id_bae67575_fk_tb_areas_id` FOREIGN KEY (`parent_id`) REFERENCES `tb_areas` (`id`)
) ENGINE=InnoDB DEFAULT CHARSET=utf8mb4 COMMENT='省市区';

#
# Data for table "tb_areas"
#


#
# Structure for table "tb_lunbo_manage"
#

DROP TABLE IF EXISTS `tb_lunbo_manage`;
CREATE TABLE `tb_lunbo_manage` (
  `id` varchar(100) NOT NULL COMMENT 'Id',
  `description` varchar(100) DEFAULT NULL COMMENT '描述',
  `modifier` varchar(100) DEFAULT NULL COMMENT '修改人',
  `dept_belong_id` varchar(100) DEFAULT NULL COMMENT '数据归属部门',
  `update_datetime` datetime(6) DEFAULT NULL COMMENT '修改时间',
  `create_datetime` datetime(6) DEFAULT NULL COMMENT '创建时间',
  `title` varchar(100) DEFAULT NULL,
  `type` int(11) NOT NULL,
  `status` tinyint(1) NOT NULL,
  `sort` int(11) NOT NULL COMMENT '显示顺序',
  `image` varchar(255) NOT NULL,
  `link` varchar(100) NOT NULL,
  `creator_id` varchar(100) DEFAULT NULL COMMENT '创建人',
  PRIMARY KEY (`id`),
  KEY `tb_lunbo_manage_creator_id_61e86919` (`creator_id`)
) ENGINE=InnoDB DEFAULT CHARSET=utf8mb4 COMMENT='轮播图设置';

#
# Data for table "tb_lunbo_manage"
#

INSERT INTO `tb_lunbo_manage` VALUES ('e86adc251eb348c1bc0d1534cb130d3e',NULL,NULL,NULL,'2022-01-25 20:15:29.339867','2022-01-25 20:15:29.339867','首页轮播图1',1,1,1,'http://127.0.0.1:8000/media/platform/2021-10-27/20211027110807_498.jpg','http://www.xxx.com',NULL);

#
# Structure for table "tb_message_template"
#

DROP TABLE IF EXISTS `tb_message_template`;
CREATE TABLE `tb_message_template` (
  `id` varchar(100) NOT NULL COMMENT 'Id',
  `description` varchar(100) DEFAULT NULL COMMENT '描述',
  `modifier` varchar(100) DEFAULT NULL COMMENT '修改人',
  `dept_belong_id` varchar(100) DEFAULT NULL COMMENT '数据归属部门',
  `update_datetime` datetime(6) DEFAULT NULL COMMENT '修改时间',
  `create_datetime` datetime(6) DEFAULT NULL COMMENT '创建时间',
  `code` varchar(100) NOT NULL,
  `title` varchar(100) NOT NULL,
  `content` longtext NOT NULL,
  `creator_id` varchar(100) DEFAULT NULL COMMENT '创建人',
  PRIMARY KEY (`id`),
  UNIQUE KEY `code` (`code`),
  KEY `tb_message_template_creator_id_3ec11b83` (`creator_id`)
) ENGINE=InnoDB DEFAULT CHARSET=utf8mb4 COMMENT='消息模板';

#
# Data for table "tb_message_template"
#


#
# Structure for table "tb_message"
#

DROP TABLE IF EXISTS `tb_message`;
CREATE TABLE `tb_message` (
  `id` varchar(100) NOT NULL COMMENT 'Id',
  `description` varchar(100) DEFAULT NULL COMMENT '描述',
  `modifier` varchar(100) DEFAULT NULL COMMENT '修改人',
  `dept_belong_id` varchar(100) DEFAULT NULL COMMENT '数据归属部门',
  `update_datetime` datetime(6) DEFAULT NULL COMMENT '修改时间',
  `create_datetime` datetime(6) DEFAULT NULL COMMENT '创建时间',
  `msg_chanel` int(11) NOT NULL,
  `public` tinyint(1) NOT NULL,
  `msg_title` varchar(100) DEFAULT NULL,
  `msg_content` longtext,
  `to_path` varchar(256) DEFAULT NULL,
  `status` tinyint(1) NOT NULL,
  `creator_id` varchar(100) DEFAULT NULL COMMENT '创建人',
  `msg_type_id` varchar(100) DEFAULT NULL,
  PRIMARY KEY (`id`),
  KEY `tb_message_msg_type_id_b4072045_fk_tb_message_template_id` (`msg_type_id`),
  KEY `tb_message_creator_id_3214601d` (`creator_id`),
  CONSTRAINT `tb_message_msg_type_id_b4072045_fk_tb_message_template_id` FOREIGN KEY (`msg_type_id`) REFERENCES `tb_message_template` (`id`)
) ENGINE=InnoDB DEFAULT CHARSET=utf8mb4 COMMENT='消息中心';

#
# Data for table "tb_message"
#

INSERT INTO `tb_message` VALUES ('7210a59d19fe406bbd237510344334bf',NULL,NULL,NULL,'2022-01-25 20:15:29.372019','2022-01-25 20:15:29.372019',2,1,'测试消息','<p>消息内容实体部分</p>','/index/path',1,NULL,NULL);

#
# Structure for table "tb_message_user"
#

DROP TABLE IF EXISTS `tb_message_user`;
CREATE TABLE `tb_message_user` (
  `id` bigint(20) NOT NULL AUTO_INCREMENT,
  `create_datetime` datetime(6) DEFAULT NULL,
  `update_datetime` datetime(6) DEFAULT NULL,
  `read_at` datetime(6) DEFAULT NULL,
  `is_delete` tinyint(1) NOT NULL,
  `is_read` tinyint(1) NOT NULL,
  `messageid_id` varchar(100) NOT NULL,
  `revuserid_id` varchar(100) NOT NULL,
  `senduserid_id` varchar(100) DEFAULT NULL,
  PRIMARY KEY (`id`),
  KEY `tb_message_user_messageid_id_e64702d8_fk_tb_message_id` (`messageid_id`),
  KEY `tb_message_user_revuserid_id_b63a4813_fk_lyadmin_users_id` (`revuserid_id`),
  KEY `tb_message_user_senduserid_id_cb96b84f_fk_lyadmin_users_id` (`senduserid_id`),
  CONSTRAINT `tb_message_user_messageid_id_e64702d8_fk_tb_message_id` FOREIGN KEY (`messageid_id`) REFERENCES `tb_message` (`id`),
  CONSTRAINT `tb_message_user_revuserid_id_b63a4813_fk_lyadmin_users_id` FOREIGN KEY (`revuserid_id`) REFERENCES `lyadmin_users` (`id`),
  CONSTRAINT `tb_message_user_senduserid_id_cb96b84f_fk_lyadmin_users_id` FOREIGN KEY (`senduserid_id`) REFERENCES `lyadmin_users` (`id`)
) ENGINE=InnoDB DEFAULT CHARSET=utf8mb4 COMMENT='用户消息';

#
# Data for table "tb_message_user"
#


#
# Structure for table "tb_oauth_wx"
#

DROP TABLE IF EXISTS `tb_oauth_wx`;
CREATE TABLE `tb_oauth_wx` (
  `id` bigint(20) NOT NULL AUTO_INCREMENT,
  `create_datetime` datetime(6) DEFAULT NULL,
  `update_datetime` datetime(6) DEFAULT NULL,
  `xcx_openid` varchar(100) DEFAULT NULL,
  `gzh_openid` varchar(100) DEFAULT NULL,
  `avatarUrl` varchar(900) DEFAULT NULL,
  `nick` varchar(40) DEFAULT NULL,
  `sex` varchar(100) DEFAULT NULL,
  `city` varchar(100) DEFAULT NULL,
  `province` varchar(100) DEFAULT NULL,
  `country` varchar(100) DEFAULT NULL,
  `unionId` varchar(255) DEFAULT NULL,
  `session_key` varchar(255) DEFAULT NULL,
  `xcx_access_token` varchar(255) DEFAULT NULL,
  `gzh_access_token` varchar(255) DEFAULT NULL,
  `gzh_refresh_token` varchar(255) DEFAULT NULL,
  `gzh_scope` varchar(255) DEFAULT NULL,
  `mobilePhoneNumber` varchar(11) NOT NULL,
  `user_id` varchar(100) NOT NULL,
  PRIMARY KEY (`id`),
  UNIQUE KEY `user_id` (`user_id`),
  KEY `tb_oauth_wx_xcx_openid_86e639c2` (`xcx_openid`),
  KEY `tb_oauth_wx_gzh_openid_534fea1f` (`gzh_openid`),
  CONSTRAINT `tb_oauth_wx_user_id_2a271e12_fk_lyadmin_users_id` FOREIGN KEY (`user_id`) REFERENCES `lyadmin_users` (`id`)
) ENGINE=InnoDB DEFAULT CHARSET=utf8mb4 COMMENT='微信登录用户数据';

#
# Data for table "tb_oauth_wx"
#


#
# Structure for table "tb_other_manage"
#

DROP TABLE IF EXISTS `tb_other_manage`;
CREATE TABLE `tb_other_manage` (
  `id` varchar(100) NOT NULL COMMENT 'Id',
  `description` varchar(100) DEFAULT NULL COMMENT '描述',
  `modifier` varchar(100) DEFAULT NULL COMMENT '修改人',
  `dept_belong_id` varchar(100) DEFAULT NULL COMMENT '数据归属部门',
  `update_datetime` datetime(6) DEFAULT NULL COMMENT '修改时间',
  `create_datetime` datetime(6) DEFAULT NULL COMMENT '创建时间',
  `status` tinyint(1) NOT NULL,
  `name` varchar(50) NOT NULL,
  `key` varchar(50) NOT NULL,
  `value` longtext NOT NULL,
  `sort` int(11) NOT NULL COMMENT '显示顺序',
  `creator_id` varchar(100) DEFAULT NULL COMMENT '创建人',
  PRIMARY KEY (`id`),
  KEY `tb_other_manage_creator_id_125ff1a6` (`creator_id`)
) ENGINE=InnoDB DEFAULT CHARSET=utf8mb4 COMMENT='平台其他设置';

#
# Data for table "tb_other_manage"
#

INSERT INTO `tb_other_manage` VALUES ('34799dd05d094458bd2b200d3f211eda',NULL,'superadmin',NULL,'2022-02-05 10:51:17.937181','2022-01-25 20:15:29.396240',1,'客服电话','customerservicephone','4006668888',1,NULL),('4ef8d8c46f2649438bddaba3628e3271',NULL,NULL,NULL,'2022-01-25 20:15:29.418326','2022-01-25 20:15:29.418326',1,'关于我们','aboutus','<p>我是关于我们的简介，请写在这里</p>',2,NULL);
